Регион,Уровень,Год,Номеров,Гостей,Федеральный округ,Гостей на номер,Доля в гостях России (%),Доля в номерах России (%),Дата,Источник
Российская Федерация,страна,2015,770353,49284209,,64.0,100.0,100.0,2015-01-01,"Росстат, средства размещения по субъектам (S21)"
Российская Федерация,страна,2016,794777,54430931,,68.5,100.0,100.0,2016-01-01,"Росстат, средства размещения по субъектам (S21)"
Российская Федерация,страна,2017,884279,61563204,,69.6,100.0,100.0,2017-01-01,"Росстат, средства размещения по субъектам (S21)"
Российская Федерация,страна,2018,975645,71538081,,73.3,100.0,100.0,2018-01-01,"Росстат, средства размещения по субъектам (S21)"
Российская Федерация,страна,2019,992601,76041739,,76.6,100.0,100.0,2019-01-01,"Росстат, средства размещения по субъектам (S21)"
Российская Федерация,страна,2020,977409,47382458,,48.5,100.0,100.0,2020-01-01,"Росстат, средства размещения по субъектам (S21)"
Российская Федерация,страна,2021,1027010,66539770,,64.8,100.0,100.0,2021-01-01,"Росстат, средства размещения по субъектам (S21)"
Российская Федерация,страна,2022,1058709,73093024,,69.0,100.0,100.0,2022-01-01,"Росстат, средства размещения по субъектам (S21)"
Российская Федерация,страна,2023,1117414,83578426,,74.8,100.0,100.0,2023-01-01,"Росстат, средства размещения по субъектам (S21)"
Российская Федерация,страна,2024,1151752,90068770,,78.2,100.0,100.0,2024-01-01,"Росстат, средства размещения по субъектам (S21)"
Российская Федерация,страна,2025,1242041,92042736,,74.1,100.0,100.0,2025-01-01,"Росстат, средства размещения по субъектам (S21)"
Центральный федеральный округ,федеральный округ,2015,159604,14539586,Центральный федеральный округ,91.1,29.502,20.718,2015-01-01,"Росстат, средства размещения по субъектам (S21)"
Центральный федеральный округ,федеральный округ,2016,182255,18291471,Центральный федеральный округ,100.4,33.605,22.932,2016-01-01,"Росстат, средства размещения по субъектам (S21)"
Центральный федеральный округ,федеральный округ,2017,192052,20704806,Центральный федеральный округ,107.8,33.632,21.718,2017-01-01,"Росстат, средства размещения по субъектам (S21)"
Центральный федеральный округ,федеральный округ,2018,223635,25378072,Центральный федеральный округ,113.5,35.475,22.922,2018-01-01,"Росстат, средства размещения по субъектам (S21)"
Центральный федеральный округ,федеральный округ,2019,223715,27092574,Центральный федеральный округ,121.1,35.629,22.538,2019-01-01,"Росстат, средства размещения по субъектам (S21)"
Центральный федеральный округ,федеральный округ,2020,211902,14829510,Центральный федеральный округ,70.0,31.297,21.68,2020-01-01,"Росстат, средства размещения по субъектам (S21)"
Центральный федеральный округ,федеральный округ,2021,228258,20152926,Центральный федеральный округ,88.3,30.287,22.225,2021-01-01,"Росстат, средства размещения по субъектам (S21)"
Центральный федеральный округ,федеральный округ,2022,236970,21370428,Центральный федеральный округ,90.2,29.237,22.383,2022-01-01,"Росстат, средства размещения по субъектам (S21)"
Центральный федеральный округ,федеральный округ,2023,259083,25321598,Центральный федеральный округ,97.7,30.297,23.186,2023-01-01,"Росстат, средства размещения по субъектам (S21)"
Центральный федеральный округ,федеральный округ,2024,271726,26908024,Центральный федеральный округ,99.0,29.875,23.592,2024-01-01,"Росстат, средства размещения по субъектам (S21)"
Центральный федеральный округ,федеральный округ,2025,294849,27913676,Центральный федеральный округ,94.7,30.327,23.739,2025-01-01,"Росстат, средства размещения по субъектам (S21)"
Белгородская область,субъект,2015,2758,162937,Центральный федеральный округ,59.1,0.331,0.358,2015-01-01,"Росстат, средства размещения по субъектам (S21)"
Белгородская область,субъект,2016,4134,254857,Центральный федеральный округ,61.6,0.468,0.52,2016-01-01,"Росстат, средства размещения по субъектам (S21)"
Белгородская область,субъект,2017,4883,294918,Центральный федеральный округ,60.4,0.479,0.552,2017-01-01,"Росстат, средства размещения по субъектам (S21)"
Белгородская область,субъект,2018,4939,323496,Центральный федеральный округ,65.5,0.452,0.506,2018-01-01,"Росстат, средства размещения по субъектам (S21)"
Белгородская область,субъект,2019,5120,337249,Центральный федеральный округ,65.9,0.444,0.516,2019-01-01,"Росстат, средства размещения по субъектам (S21)"
Белгородская область,субъект,2020,5207,216343,Центральный федеральный округ,41.5,0.457,0.533,2020-01-01,"Росстат, средства размещения по субъектам (S21)"
Белгородская область,субъект,2021,5177,322299,Центральный федеральный округ,62.3,0.484,0.504,2021-01-01,"Росстат, средства размещения по субъектам (S21)"
Белгородская область,субъект,2022,5219,298510,Центральный федеральный округ,57.2,0.408,0.493,2022-01-01,"Росстат, средства размещения по субъектам (S21)"
Белгородская область,субъект,2023,5220,283035,Центральный федеральный округ,54.2,0.339,0.467,2023-01-01,"Росстат, средства размещения по субъектам (S21)"
Белгородская область,субъект,2024,5174,270773,Центральный федеральный округ,52.3,0.301,0.449,2024-01-01,"Росстат, средства размещения по субъектам (S21)"
Белгородская область,субъект,2025,5088,308498,Центральный федеральный округ,60.6,0.335,0.41,2025-01-01,"Росстат, средства размещения по субъектам (S21)"
Брянская область,субъект,2015,2919,153439,Центральный федеральный округ,52.6,0.311,0.379,2015-01-01,"Росстат, средства размещения по субъектам (S21)"
Брянская область,субъект,2016,2792,182046,Центральный федеральный округ,65.2,0.334,0.351,2016-01-01,"Росстат, средства размещения по субъектам (S21)"
Брянская область,субъект,2017,3157,210727,Центральный федеральный округ,66.7,0.342,0.357,2017-01-01,"Росстат, средства размещения по субъектам (S21)"
Брянская область,субъект,2018,3392,235729,Центральный федеральный округ,69.5,0.33,0.348,2018-01-01,"Росстат, средства размещения по субъектам (S21)"
Брянская область,субъект,2019,3572,234468,Центральный федеральный округ,65.6,0.308,0.36,2019-01-01,"Росстат, средства размещения по субъектам (S21)"
Брянская область,субъект,2020,3571,141878,Центральный федеральный округ,39.7,0.299,0.365,2020-01-01,"Росстат, средства размещения по субъектам (S21)"
Брянская область,субъект,2021,3773,209330,Центральный федеральный округ,55.5,0.315,0.367,2021-01-01,"Росстат, средства размещения по субъектам (S21)"
Брянская область,субъект,2022,4067,230566,Центральный федеральный округ,56.7,0.315,0.384,2022-01-01,"Росстат, средства размещения по субъектам (S21)"
Брянская область,субъект,2023,4149,255240,Центральный федеральный округ,61.5,0.305,0.371,2023-01-01,"Росстат, средства размещения по субъектам (S21)"
Брянская область,субъект,2024,4173,259220,Центральный федеральный округ,62.1,0.288,0.362,2024-01-01,"Росстат, средства размещения по субъектам (S21)"
Брянская область,субъект,2025,4161,265145,Центральный федеральный округ,63.7,0.288,0.335,2025-01-01,"Росстат, средства размещения по субъектам (S21)"
Владимирская область,субъект,2015,7044,623747,Центральный федеральный округ,88.6,1.266,0.914,2015-01-01,"Росстат, средства размещения по субъектам (S21)"
Владимирская область,субъект,2016,6428,665913,Центральный федеральный округ,103.6,1.223,0.809,2016-01-01,"Росстат, средства размещения по субъектам (S21)"
Владимирская область,субъект,2017,6831,645797,Центральный федеральный округ,94.5,1.049,0.772,2017-01-01,"Росстат, средства размещения по субъектам (S21)"
Владимирская область,субъект,2018,6881,645772,Центральный федеральный округ,93.8,0.903,0.705,2018-01-01,"Росстат, средства размещения по субъектам (S21)"
Владимирская область,субъект,2019,7282,703667,Центральный федеральный округ,96.6,0.925,0.734,2019-01-01,"Росстат, средства размещения по субъектам (S21)"
Владимирская область,субъект,2020,7513,365885,Центральный федеральный округ,48.7,0.772,0.769,2020-01-01,"Росстат, средства размещения по субъектам (S21)"
Владимирская область,субъект,2021,7694,598668,Центральный федеральный округ,77.8,0.9,0.749,2021-01-01,"Росстат, средства размещения по субъектам (S21)"
Владимирская область,субъект,2022,8065,672070,Центральный федеральный округ,83.3,0.919,0.762,2022-01-01,"Росстат, средства размещения по субъектам (S21)"
Владимирская область,субъект,2023,8459,712355,Центральный федеральный округ,84.2,0.852,0.757,2023-01-01,"Росстат, средства размещения по субъектам (S21)"
Владимирская область,субъект,2024,8499,811461,Центральный федеральный округ,95.5,0.901,0.738,2024-01-01,"Росстат, средства размещения по субъектам (S21)"
Владимирская область,субъект,2025,9153,921722,Центральный федеральный округ,100.7,1.001,0.737,2025-01-01,"Росстат, средства размещения по субъектам (S21)"
Воронежская область,субъект,2015,8737,523350,Центральный федеральный округ,59.9,1.062,1.134,2015-01-01,"Росстат, средства размещения по субъектам (S21)"
Воронежская область,субъект,2016,8352,601484,Центральный федеральный округ,72.0,1.105,1.051,2016-01-01,"Росстат, средства размещения по субъектам (S21)"
Воронежская область,субъект,2017,8908,656814,Центральный федеральный округ,73.7,1.067,1.007,2017-01-01,"Росстат, средства размещения по субъектам (S21)"
Воронежская область,субъект,2018,8965,676736,Центральный федеральный округ,75.5,0.946,0.919,2018-01-01,"Росстат, средства размещения по субъектам (S21)"
Воронежская область,субъект,2019,9304,709286,Центральный федеральный округ,76.2,0.933,0.937,2019-01-01,"Росстат, средства размещения по субъектам (S21)"
Воронежская область,субъект,2020,8939,501151,Центральный федеральный округ,56.1,1.058,0.915,2020-01-01,"Росстат, средства размещения по субъектам (S21)"
Воронежская область,субъект,2021,9190,780996,Центральный федеральный округ,85.0,1.174,0.895,2021-01-01,"Росстат, средства размещения по субъектам (S21)"
Воронежская область,субъект,2022,9098,823249,Центральный федеральный округ,90.5,1.126,0.859,2022-01-01,"Росстат, средства размещения по субъектам (S21)"
Воронежская область,субъект,2023,9760,916802,Центральный федеральный округ,93.9,1.097,0.873,2023-01-01,"Росстат, средства размещения по субъектам (S21)"
Воронежская область,субъект,2024,10104,969693,Центральный федеральный округ,96.0,1.077,0.877,2024-01-01,"Росстат, средства размещения по субъектам (S21)"
Воронежская область,субъект,2025,10829,973466,Центральный федеральный округ,89.9,1.058,0.872,2025-01-01,"Росстат, средства размещения по субъектам (S21)"
Ивановская область,субъект,2015,3823,228845,Центральный федеральный округ,59.9,0.464,0.496,2015-01-01,"Росстат, средства размещения по субъектам (S21)"
Ивановская область,субъект,2016,3502,226434,Центральный федеральный округ,64.7,0.416,0.441,2016-01-01,"Росстат, средства размещения по субъектам (S21)"
Ивановская область,субъект,2017,4061,249942,Центральный федеральный округ,61.5,0.406,0.459,2017-01-01,"Росстат, средства размещения по субъектам (S21)"
Ивановская область,субъект,2018,3882,248944,Центральный федеральный округ,64.1,0.348,0.398,2018-01-01,"Росстат, средства размещения по субъектам (S21)"
Ивановская область,субъект,2019,3874,263357,Центральный федеральный округ,68.0,0.346,0.39,2019-01-01,"Росстат, средства размещения по субъектам (S21)"
Ивановская область,субъект,2020,3717,142205,Центральный федеральный округ,38.3,0.3,0.38,2020-01-01,"Росстат, средства размещения по субъектам (S21)"
Ивановская область,субъект,2021,4425,221032,Центральный федеральный округ,50.0,0.332,0.431,2021-01-01,"Росстат, средства размещения по субъектам (S21)"
Ивановская область,субъект,2022,3968,294155,Центральный федеральный округ,74.1,0.402,0.375,2022-01-01,"Росстат, средства размещения по субъектам (S21)"
Ивановская область,субъект,2023,3910,325018,Центральный федеральный округ,83.1,0.389,0.35,2023-01-01,"Росстат, средства размещения по субъектам (S21)"
Ивановская область,субъект,2024,3906,318048,Центральный федеральный округ,81.4,0.353,0.339,2024-01-01,"Росстат, средства размещения по субъектам (S21)"
Ивановская область,субъект,2025,3890,309272,Центральный федеральный округ,79.5,0.336,0.313,2025-01-01,"Росстат, средства размещения по субъектам (S21)"
Калужская область,субъект,2015,6875,520036,Центральный федеральный округ,75.6,1.055,0.892,2015-01-01,"Росстат, средства размещения по субъектам (S21)"
Калужская область,субъект,2016,7376,452147,Центральный федеральный округ,61.3,0.831,0.928,2016-01-01,"Росстат, средства размещения по субъектам (S21)"
Калужская область,субъект,2017,7238,525171,Центральный федеральный округ,72.6,0.853,0.819,2017-01-01,"Росстат, средства размещения по субъектам (S21)"
Калужская область,субъект,2018,7583,638756,Центральный федеральный округ,84.2,0.893,0.777,2018-01-01,"Росстат, средства размещения по субъектам (S21)"
Калужская область,субъект,2019,7905,602239,Центральный федеральный округ,76.2,0.792,0.796,2019-01-01,"Росстат, средства размещения по субъектам (S21)"
Калужская область,субъект,2020,7856,414674,Центральный федеральный округ,52.8,0.875,0.804,2020-01-01,"Росстат, средства размещения по субъектам (S21)"
Калужская область,субъект,2021,7574,550363,Центральный федеральный округ,72.7,0.827,0.737,2021-01-01,"Росстат, средства размещения по субъектам (S21)"
Калужская область,субъект,2022,7707,532524,Центральный федеральный округ,69.1,0.729,0.728,2022-01-01,"Росстат, средства размещения по субъектам (S21)"
Калужская область,субъект,2023,8024,567750,Центральный федеральный округ,70.8,0.679,0.718,2023-01-01,"Росстат, средства размещения по субъектам (S21)"
Калужская область,субъект,2024,8102,698577,Центральный федеральный округ,86.2,0.776,0.703,2024-01-01,"Росстат, средства размещения по субъектам (S21)"
Калужская область,субъект,2025,8538,731105,Центральный федеральный округ,85.6,0.794,0.687,2025-01-01,"Росстат, средства размещения по субъектам (S21)"
Костромская область,субъект,2015,2184,151560,Центральный федеральный округ,69.4,0.308,0.284,2015-01-01,"Росстат, средства размещения по субъектам (S21)"
Костромская область,субъект,2016,2857,245190,Центральный федеральный округ,85.8,0.45,0.359,2016-01-01,"Росстат, средства размещения по субъектам (S21)"
Костромская область,субъект,2017,2938,272037,Центральный федеральный округ,92.6,0.442,0.332,2017-01-01,"Росстат, средства размещения по субъектам (S21)"
Костромская область,субъект,2018,3234,292444,Центральный федеральный округ,90.4,0.409,0.331,2018-01-01,"Росстат, средства размещения по субъектам (S21)"
Костромская область,субъект,2019,3121,300566,Центральный федеральный округ,96.3,0.395,0.314,2019-01-01,"Росстат, средства размещения по субъектам (S21)"
Костромская область,субъект,2020,3095,271673,Центральный федеральный округ,87.8,0.573,0.317,2020-01-01,"Росстат, средства размещения по субъектам (S21)"
Костромская область,субъект,2021,3285,327786,Центральный федеральный округ,99.8,0.493,0.32,2021-01-01,"Росстат, средства размещения по субъектам (S21)"
Костромская область,субъект,2022,3324,349493,Центральный федеральный округ,105.1,0.478,0.314,2022-01-01,"Росстат, средства размещения по субъектам (S21)"
Костромская область,субъект,2023,3488,386881,Центральный федеральный округ,110.9,0.463,0.312,2023-01-01,"Росстат, средства размещения по субъектам (S21)"
Костромская область,субъект,2024,3588,383393,Центральный федеральный округ,106.9,0.426,0.312,2024-01-01,"Росстат, средства размещения по субъектам (S21)"
Костромская область,субъект,2025,3753,396500,Центральный федеральный округ,105.6,0.431,0.302,2025-01-01,"Росстат, средства размещения по субъектам (S21)"
Курская область,субъект,2015,2754,201535,Центральный федеральный округ,73.2,0.409,0.357,2015-01-01,"Росстат, средства размещения по субъектам (S21)"
Курская область,субъект,2016,2969,200619,Центральный федеральный округ,67.6,0.369,0.374,2016-01-01,"Росстат, средства размещения по субъектам (S21)"
Курская область,субъект,2017,3565,199779,Центральный федеральный округ,56.0,0.325,0.403,2017-01-01,"Росстат, средства размещения по субъектам (S21)"
Курская область,субъект,2018,3571,194974,Центральный федеральный округ,54.6,0.273,0.366,2018-01-01,"Росстат, средства размещения по субъектам (S21)"
Курская область,субъект,2019,3567,211152,Центральный федеральный округ,59.2,0.278,0.359,2019-01-01,"Росстат, средства размещения по субъектам (S21)"
Курская область,субъект,2020,3649,138625,Центральный федеральный округ,38.0,0.293,0.373,2020-01-01,"Росстат, средства размещения по субъектам (S21)"
Курская область,субъект,2021,3632,197002,Центральный федеральный округ,54.2,0.296,0.354,2021-01-01,"Росстат, средства размещения по субъектам (S21)"
Курская область,субъект,2022,3784,186117,Центральный федеральный округ,49.2,0.255,0.357,2022-01-01,"Росстат, средства размещения по субъектам (S21)"
Курская область,субъект,2023,3962,196153,Центральный федеральный округ,49.5,0.235,0.355,2023-01-01,"Росстат, средства размещения по субъектам (S21)"
Курская область,субъект,2024,4062,199693,Центральный федеральный округ,49.2,0.222,0.353,2024-01-01,"Росстат, средства размещения по субъектам (S21)"
Курская область,субъект,2025,4273,207880,Центральный федеральный округ,48.6,0.226,0.344,2025-01-01,"Росстат, средства размещения по субъектам (S21)"
Липецкая область,субъект,2015,2847,161440,Центральный федеральный округ,56.7,0.328,0.37,2015-01-01,"Росстат, средства размещения по субъектам (S21)"
Липецкая область,субъект,2016,3339,195518,Центральный федеральный округ,58.6,0.359,0.42,2016-01-01,"Росстат, средства размещения по субъектам (S21)"
Липецкая область,субъект,2017,4095,215605,Центральный федеральный округ,52.7,0.35,0.463,2017-01-01,"Росстат, средства размещения по субъектам (S21)"
Липецкая область,субъект,2018,4661,248913,Центральный федеральный округ,53.4,0.348,0.478,2018-01-01,"Росстат, средства размещения по субъектам (S21)"
Липецкая область,субъект,2019,4603,283409,Центральный федеральный округ,61.6,0.373,0.464,2019-01-01,"Росстат, средства размещения по субъектам (S21)"
Липецкая область,субъект,2020,4431,213258,Центральный федеральный округ,48.1,0.45,0.453,2020-01-01,"Росстат, средства размещения по субъектам (S21)"
Липецкая область,субъект,2021,4331,265090,Центральный федеральный округ,61.2,0.398,0.422,2021-01-01,"Росстат, средства размещения по субъектам (S21)"
Липецкая область,субъект,2022,3776,275465,Центральный федеральный округ,73.0,0.377,0.357,2022-01-01,"Росстат, средства размещения по субъектам (S21)"
Липецкая область,субъект,2023,4087,332865,Центральный федеральный округ,81.4,0.398,0.366,2023-01-01,"Росстат, средства размещения по субъектам (S21)"
Липецкая область,субъект,2024,4502,350393,Центральный федеральный округ,77.8,0.389,0.391,2024-01-01,"Росстат, средства размещения по субъектам (S21)"
Липецкая область,субъект,2025,4678,330373,Центральный федеральный округ,70.6,0.359,0.377,2025-01-01,"Росстат, средства размещения по субъектам (S21)"
Московская область,субъект,2015,38376,3895238,Центральный федеральный округ,101.5,7.904,4.982,2015-01-01,"Росстат, средства размещения по субъектам (S21)"
Московская область,субъект,2016,38029,3489234,Центральный федеральный округ,91.8,6.41,4.785,2016-01-01,"Росстат, средства размещения по субъектам (S21)"
Московская область,субъект,2017,37769,3477501,Центральный федеральный округ,92.1,5.649,4.271,2017-01-01,"Росстат, средства размещения по субъектам (S21)"
Московская область,субъект,2018,39941,4285941,Центральный федеральный округ,107.3,5.991,4.094,2018-01-01,"Росстат, средства размещения по субъектам (S21)"
Московская область,субъект,2019,46096,5024703,Центральный федеральный округ,109.0,6.608,4.644,2019-01-01,"Росстат, средства размещения по субъектам (S21)"
Московская область,субъект,2020,47756,3017204,Центральный федеральный округ,63.2,6.368,4.886,2020-01-01,"Росстат, средства размещения по субъектам (S21)"
Московская область,субъект,2021,55043,4546118,Центральный федеральный округ,82.6,6.832,5.36,2021-01-01,"Росстат, средства размещения по субъектам (S21)"
Московская область,субъект,2022,58057,5021128,Центральный федеральный округ,86.5,6.87,5.484,2022-01-01,"Росстат, средства размещения по субъектам (S21)"
Московская область,субъект,2023,62114,5767222,Центральный федеральный округ,92.8,6.9,5.559,2023-01-01,"Росстат, средства размещения по субъектам (S21)"
Московская область,субъект,2024,67095,6001256,Центральный федеральный округ,89.4,6.663,5.825,2024-01-01,"Росстат, средства размещения по субъектам (S21)"
Московская область,субъект,2025,74874,6374442,Центральный федеральный округ,85.1,6.926,6.028,2025-01-01,"Росстат, средства размещения по субъектам (S21)"
Орловская область,субъект,2015,1709,111297,Центральный федеральный округ,65.1,0.226,0.222,2015-01-01,"Росстат, средства размещения по субъектам (S21)"
Орловская область,субъект,2016,1656,111286,Центральный федеральный округ,67.2,0.204,0.208,2016-01-01,"Росстат, средства размещения по субъектам (S21)"
Орловская область,субъект,2017,2022,115743,Центральный федеральный округ,57.2,0.188,0.229,2017-01-01,"Росстат, средства размещения по субъектам (S21)"
Орловская область,субъект,2018,2247,128781,Центральный федеральный округ,57.3,0.18,0.23,2018-01-01,"Росстат, средства размещения по субъектам (S21)"
Орловская область,субъект,2019,2435,130079,Центральный федеральный округ,53.4,0.171,0.245,2019-01-01,"Росстат, средства размещения по субъектам (S21)"
Орловская область,субъект,2020,2527,87838,Центральный федеральный округ,34.8,0.185,0.259,2020-01-01,"Росстат, средства размещения по субъектам (S21)"
Орловская область,субъект,2021,2328,119653,Центральный федеральный округ,51.4,0.18,0.227,2021-01-01,"Росстат, средства размещения по субъектам (S21)"
Орловская область,субъект,2022,2361,151959,Центральный федеральный округ,64.4,0.208,0.223,2022-01-01,"Росстат, средства размещения по субъектам (S21)"
Орловская область,субъект,2023,2465,158258,Центральный федеральный округ,64.2,0.189,0.221,2023-01-01,"Росстат, средства размещения по субъектам (S21)"
Орловская область,субъект,2024,2507,179506,Центральный федеральный округ,71.6,0.199,0.218,2024-01-01,"Росстат, средства размещения по субъектам (S21)"
Орловская область,субъект,2025,2550,177411,Центральный федеральный округ,69.6,0.193,0.205,2025-01-01,"Росстат, средства размещения по субъектам (S21)"
Рязанская область,субъект,2015,3701,262665,Центральный федеральный округ,71.0,0.533,0.48,2015-01-01,"Росстат, средства размещения по субъектам (S21)"
Рязанская область,субъект,2016,4223,349784,Центральный федеральный округ,82.8,0.643,0.531,2016-01-01,"Росстат, средства размещения по субъектам (S21)"
Рязанская область,субъект,2017,4641,410131,Центральный федеральный округ,88.4,0.666,0.525,2017-01-01,"Росстат, средства размещения по субъектам (S21)"
Рязанская область,субъект,2018,4551,363520,Центральный федеральный округ,79.9,0.508,0.466,2018-01-01,"Росстат, средства размещения по субъектам (S21)"
Рязанская область,субъект,2019,4948,400170,Центральный федеральный округ,80.9,0.526,0.498,2019-01-01,"Росстат, средства размещения по субъектам (S21)"
Рязанская область,субъект,2020,4976,321490,Центральный федеральный округ,64.6,0.679,0.509,2020-01-01,"Росстат, средства размещения по субъектам (S21)"
Рязанская область,субъект,2021,4911,427394,Центральный федеральный округ,87.0,0.642,0.478,2021-01-01,"Росстат, средства размещения по субъектам (S21)"
Рязанская область,субъект,2022,5732,517089,Центральный федеральный округ,90.2,0.707,0.541,2022-01-01,"Росстат, средства размещения по субъектам (S21)"
Рязанская область,субъект,2023,5525,554168,Центральный федеральный округ,100.3,0.663,0.494,2023-01-01,"Росстат, средства размещения по субъектам (S21)"
Рязанская область,субъект,2024,5655,568179,Центральный федеральный округ,100.5,0.631,0.491,2024-01-01,"Росстат, средства размещения по субъектам (S21)"
Рязанская область,субъект,2025,5864,592948,Центральный федеральный округ,101.1,0.644,0.472,2025-01-01,"Росстат, средства размещения по субъектам (S21)"
Смоленская область,субъект,2015,3400,186548,Центральный федеральный округ,54.9,0.379,0.441,2015-01-01,"Росстат, средства размещения по субъектам (S21)"
Смоленская область,субъект,2016,3616,214360,Центральный федеральный округ,59.3,0.394,0.455,2016-01-01,"Росстат, средства размещения по субъектам (S21)"
Смоленская область,субъект,2017,3820,224621,Центральный федеральный округ,58.8,0.365,0.432,2017-01-01,"Росстат, средства размещения по субъектам (S21)"
Смоленская область,субъект,2018,3973,230507,Центральный федеральный округ,58.0,0.322,0.407,2018-01-01,"Росстат, средства размещения по субъектам (S21)"
Смоленская область,субъект,2019,4242,242197,Центральный федеральный округ,57.1,0.319,0.427,2019-01-01,"Росстат, средства размещения по субъектам (S21)"
Смоленская область,субъект,2020,4397,147501,Центральный федеральный округ,33.5,0.311,0.45,2020-01-01,"Росстат, средства размещения по субъектам (S21)"
Смоленская область,субъект,2021,4482,201653,Центральный федеральный округ,45.0,0.303,0.436,2021-01-01,"Росстат, средства размещения по субъектам (S21)"
Смоленская область,субъект,2022,4824,255294,Центральный федеральный округ,52.9,0.349,0.456,2022-01-01,"Росстат, средства размещения по субъектам (S21)"
Смоленская область,субъект,2023,4788,285829,Центральный федеральный округ,59.7,0.342,0.428,2023-01-01,"Росстат, средства размещения по субъектам (S21)"
Смоленская область,субъект,2024,4977,332282,Центральный федеральный округ,66.8,0.369,0.432,2024-01-01,"Росстат, средства размещения по субъектам (S21)"
Смоленская область,субъект,2025,5119,420754,Центральный федеральный округ,82.2,0.457,0.412,2025-01-01,"Росстат, средства размещения по субъектам (S21)"
Тамбовская область,субъект,2015,2756,171596,Центральный федеральный округ,62.3,0.348,0.358,2015-01-01,"Росстат, средства размещения по субъектам (S21)"
Тамбовская область,субъект,2016,2397,141718,Центральный федеральный округ,59.1,0.26,0.302,2016-01-01,"Росстат, средства размещения по субъектам (S21)"
Тамбовская область,субъект,2017,2603,174028,Центральный федеральный округ,66.9,0.283,0.294,2017-01-01,"Росстат, средства размещения по субъектам (S21)"
Тамбовская область,субъект,2018,2886,198540,Центральный федеральный округ,68.8,0.278,0.296,2018-01-01,"Росстат, средства размещения по субъектам (S21)"
Тамбовская область,субъект,2019,2920,185619,Центральный федеральный округ,63.6,0.244,0.294,2019-01-01,"Росстат, средства размещения по субъектам (S21)"
Тамбовская область,субъект,2020,2719,124587,Центральный федеральный округ,45.8,0.263,0.278,2020-01-01,"Росстат, средства размещения по субъектам (S21)"
Тамбовская область,субъект,2021,2943,182430,Центральный федеральный округ,62.0,0.274,0.287,2021-01-01,"Росстат, средства размещения по субъектам (S21)"
Тамбовская область,субъект,2022,3136,214738,Центральный федеральный округ,68.5,0.294,0.296,2022-01-01,"Росстат, средства размещения по субъектам (S21)"
Тамбовская область,субъект,2023,3524,219812,Центральный федеральный округ,62.4,0.263,0.315,2023-01-01,"Росстат, средства размещения по субъектам (S21)"
Тамбовская область,субъект,2024,3614,228660,Центральный федеральный округ,63.3,0.254,0.314,2024-01-01,"Росстат, средства размещения по субъектам (S21)"
Тамбовская область,субъект,2025,3746,247909,Центральный федеральный округ,66.2,0.269,0.302,2025-01-01,"Росстат, средства размещения по субъектам (S21)"
Тверская область,субъект,2015,6297,366045,Центральный федеральный округ,58.1,0.743,0.817,2015-01-01,"Росстат, средства размещения по субъектам (S21)"
Тверская область,субъект,2016,8287,426121,Центральный федеральный округ,51.4,0.783,1.043,2016-01-01,"Росстат, средства размещения по субъектам (S21)"
Тверская область,субъект,2017,9127,532888,Центральный федеральный округ,58.4,0.866,1.032,2017-01-01,"Росстат, средства размещения по субъектам (S21)"
Тверская область,субъект,2018,9359,553788,Центральный федеральный округ,59.2,0.774,0.959,2018-01-01,"Росстат, средства размещения по субъектам (S21)"
Тверская область,субъект,2019,9784,578269,Центральный федеральный округ,59.1,0.76,0.986,2019-01-01,"Росстат, средства размещения по субъектам (S21)"
Тверская область,субъект,2020,8891,492028,Центральный федеральный округ,55.3,1.038,0.91,2020-01-01,"Росстат, средства размещения по субъектам (S21)"
Тверская область,субъект,2021,10790,666632,Центральный федеральный округ,61.8,1.002,1.051,2021-01-01,"Росстат, средства размещения по субъектам (S21)"
Тверская область,субъект,2022,10967,707088,Центральный федеральный округ,64.5,0.967,1.036,2022-01-01,"Росстат, средства размещения по субъектам (S21)"
Тверская область,субъект,2023,11299,860791,Центральный федеральный округ,76.2,1.03,1.011,2023-01-01,"Росстат, средства размещения по субъектам (S21)"
Тверская область,субъект,2024,11853,871097,Центральный федеральный округ,73.5,0.967,1.029,2024-01-01,"Росстат, средства размещения по субъектам (S21)"
Тверская область,субъект,2025,13526,1003568,Центральный федеральный округ,74.2,1.09,1.089,2025-01-01,"Росстат, средства размещения по субъектам (S21)"
Тульская область,субъект,2015,5560,266590,Центральный федеральный округ,47.9,0.541,0.722,2015-01-01,"Росстат, средства размещения по субъектам (S21)"
Тульская область,субъект,2016,5692,307948,Центральный федеральный округ,54.1,0.566,0.716,2016-01-01,"Росстат, средства размещения по субъектам (S21)"
Тульская область,субъект,2017,6207,351245,Центральный федеральный округ,56.6,0.571,0.702,2017-01-01,"Росстат, средства размещения по субъектам (S21)"
Тульская область,субъект,2018,6088,414299,Центральный федеральный округ,68.1,0.579,0.624,2018-01-01,"Росстат, средства размещения по субъектам (S21)"
Тульская область,субъект,2019,6289,475029,Центральный федеральный округ,75.5,0.625,0.634,2019-01-01,"Росстат, средства размещения по субъектам (S21)"
Тульская область,субъект,2020,6413,306324,Центральный федеральный округ,47.8,0.646,0.656,2020-01-01,"Росстат, средства размещения по субъектам (S21)"
Тульская область,субъект,2021,6437,413685,Центральный федеральный округ,64.3,0.622,0.627,2021-01-01,"Росстат, средства размещения по субъектам (S21)"
Тульская область,субъект,2022,7052,506610,Центральный федеральный округ,71.8,0.693,0.666,2022-01-01,"Росстат, средства размещения по субъектам (S21)"
Тульская область,субъект,2023,7381,584009,Центральный федеральный округ,79.1,0.699,0.661,2023-01-01,"Росстат, средства размещения по субъектам (S21)"
Тульская область,субъект,2024,7553,647854,Центральный федеральный округ,85.8,0.719,0.656,2024-01-01,"Росстат, средства размещения по субъектам (S21)"
Тульская область,субъект,2025,9103,663017,Центральный федеральный округ,72.8,0.72,0.733,2025-01-01,"Росстат, средства размещения по субъектам (S21)"
Ярославская область,субъект,2015,7726,682829,Центральный федеральный округ,88.4,1.385,1.003,2015-01-01,"Росстат, средства размещения по субъектам (S21)"
Ярославская область,субъект,2016,7182,666383,Центральный федеральный округ,92.8,1.224,0.904,2016-01-01,"Росстат, средства размещения по субъектам (S21)"
Ярославская область,субъект,2017,8419,745521,Центральный федеральный округ,88.6,1.211,0.952,2017-01-01,"Росстат, средства размещения по субъектам (S21)"
Ярославская область,субъект,2018,8244,780516,Центральный федеральный округ,94.7,1.091,0.845,2018-01-01,"Росстат, средства размещения по субъектам (S21)"
Ярославская область,субъект,2019,8932,861432,Центральный федеральный округ,96.4,1.133,0.9,2019-01-01,"Росстат, средства размещения по субъектам (S21)"
Ярославская область,субъект,2020,8798,596644,Центральный федеральный округ,67.8,1.259,0.9,2020-01-01,"Росстат, средства размещения по субъектам (S21)"
Ярославская область,субъект,2021,8783,846574,Центральный федеральный округ,96.4,1.272,0.855,2021-01-01,"Росстат, средства размещения по субъектам (S21)"
Ярославская область,субъект,2022,8705,824089,Центральный федеральный округ,94.7,1.127,0.822,2022-01-01,"Росстат, средства размещения по субъектам (S21)"
Ярославская область,субъект,2023,8936,963056,Центральный федеральный округ,107.8,1.152,0.8,2023-01-01,"Росстат, средства размещения по субъектам (S21)"
Ярославская область,субъект,2024,9465,1074031,Центральный федеральный округ,113.5,1.192,0.822,2024-01-01,"Росстат, средства размещения по субъектам (S21)"
Ярославская область,субъект,2025,10156,1115018,Центральный федеральный округ,109.8,1.211,0.818,2025-01-01,"Росстат, средства размещения по субъектам (S21)"
г.Москва,субъект,2015,50138,5869889,Центральный федеральный округ,117.1,11.91,6.508,2015-01-01,"Росстат, средства размещения по субъектам (S21)"
г.Москва,субъект,2016,69424,9560429,Центральный федеральный округ,137.7,17.564,8.735,2016-01-01,"Росстат, средства размещения по субъектам (S21)"
г.Москва,субъект,2017,71768,11402338,Центральный федеральный округ,158.9,18.521,8.116,2017-01-01,"Росстат, средства размещения по субъектам (S21)"
г.Москва,субъект,2018,99238,14916416,Центральный федеральный округ,150.3,20.851,10.172,2018-01-01,"Росстат, средства размещения по субъектам (S21)"
г.Москва,субъект,2019,89721,15549683,Центральный федеральный округ,173.3,20.449,9.039,2019-01-01,"Росстат, средства размещения по субъектам (S21)"
г.Москва,субъект,2020,77447,7330202,Центральный федеральный округ,94.6,15.47,7.924,2020-01-01,"Росстат, средства размещения по субъектам (S21)"
г.Москва,субъект,2021,83460,9276221,Центральный федеральный округ,111.1,13.941,8.127,2021-01-01,"Росстат, средства размещения по субъектам (S21)"
г.Москва,субъект,2022,87128,9510284,Центральный федеральный округ,109.2,13.011,8.23,2022-01-01,"Росстат, средства размещения по субъектам (S21)"
г.Москва,субъект,2023,101992,11952354,Центральный федеральный округ,117.2,14.301,9.128,2023-01-01,"Росстат, средства размещения по субъектам (S21)"
г.Москва,субъект,2024,106897,12743908,Центральный федеральный округ,119.2,14.149,9.281,2024-01-01,"Росстат, средства размещения по субъектам (S21)"
г.Москва,субъект,2025,115548,12874648,Центральный федеральный округ,111.4,13.988,9.303,2025-01-01,"Росстат, средства размещения по субъектам (S21)"
Северо-Западный федеральный округ,федеральный округ,2015,72498,6740173,Северо-Западный федеральный округ,93.0,13.676,9.411,2015-01-01,"Росстат, средства размещения по субъектам (S21)"
Северо-Западный федеральный округ,федеральный округ,2016,73939,7151884,Северо-Западный федеральный округ,96.7,13.139,9.303,2016-01-01,"Росстат, средства размещения по субъектам (S21)"
Северо-Западный федеральный округ,федеральный округ,2017,86582,8889083,Северо-Западный федеральный округ,102.7,14.439,9.791,2017-01-01,"Росстат, средства размещения по субъектам (S21)"
Северо-Западный федеральный округ,федеральный округ,2018,94772,10149720,Северо-Западный федеральный округ,107.1,14.188,9.714,2018-01-01,"Росстат, средства размещения по субъектам (S21)"
Северо-Западный федеральный округ,федеральный округ,2019,97490,10585059,Северо-Западный федеральный округ,108.6,13.92,9.822,2019-01-01,"Росстат, средства размещения по субъектам (S21)"
Северо-Западный федеральный округ,федеральный округ,2020,95793,6357675,Северо-Западный федеральный округ,66.4,13.418,9.801,2020-01-01,"Росстат, средства размещения по субъектам (S21)"
Северо-Западный федеральный округ,федеральный округ,2021,103068,9142324,Северо-Западный федеральный округ,88.7,13.74,10.036,2021-01-01,"Росстат, средства размещения по субъектам (S21)"
Северо-Западный федеральный округ,федеральный округ,2022,107817,10001542,Северо-Западный федеральный округ,92.8,13.683,10.184,2022-01-01,"Росстат, средства размещения по субъектам (S21)"
Северо-Западный федеральный округ,федеральный округ,2023,116794,11677790,Северо-Западный федеральный округ,100.0,13.972,10.452,2023-01-01,"Росстат, средства размещения по субъектам (S21)"
Северо-Западный федеральный округ,федеральный округ,2024,124646,12408139,Северо-Западный федеральный округ,99.5,13.776,10.822,2024-01-01,"Росстат, средства размещения по субъектам (S21)"
Северо-Западный федеральный округ,федеральный округ,2025,141530,12875044,Северо-Западный федеральный округ,91.0,13.988,11.395,2025-01-01,"Росстат, средства размещения по субъектам (S21)"
Республика Карелия,субъект,2015,3886,411624,Северо-Западный федеральный округ,105.9,0.835,0.504,2015-01-01,"Росстат, средства размещения по субъектам (S21)"
Республика Карелия,субъект,2016,3823,420200,Северо-Западный федеральный округ,109.9,0.772,0.481,2016-01-01,"Росстат, средства размещения по субъектам (S21)"
Республика Карелия,субъект,2017,4114,414589,Северо-Западный федеральный округ,100.8,0.673,0.465,2017-01-01,"Росстат, средства размещения по субъектам (S21)"
Республика Карелия,субъект,2018,4377,461451,Северо-Западный федеральный округ,105.4,0.645,0.449,2018-01-01,"Росстат, средства размещения по субъектам (S21)"
Республика Карелия,субъект,2019,4355,482817,Северо-Западный федеральный округ,110.9,0.635,0.439,2019-01-01,"Росстат, средства размещения по субъектам (S21)"
Республика Карелия,субъект,2020,4362,388054,Северо-Западный федеральный округ,89.0,0.819,0.446,2020-01-01,"Росстат, средства размещения по субъектам (S21)"
Республика Карелия,субъект,2021,4782,565486,Северо-Западный федеральный округ,118.3,0.85,0.466,2021-01-01,"Росстат, средства размещения по субъектам (S21)"
Республика Карелия,субъект,2022,5237,600127,Северо-Западный федеральный округ,114.6,0.821,0.495,2022-01-01,"Росстат, средства размещения по субъектам (S21)"
Республика Карелия,субъект,2023,5828,747158,Северо-Западный федеральный округ,128.2,0.894,0.522,2023-01-01,"Росстат, средства размещения по субъектам (S21)"
Республика Карелия,субъект,2024,6138,749220,Северо-Западный федеральный округ,122.1,0.832,0.533,2024-01-01,"Росстат, средства размещения по субъектам (S21)"
Республика Карелия,субъект,2025,6806,732711,Северо-Западный федеральный округ,107.7,0.796,0.548,2025-01-01,"Росстат, средства размещения по субъектам (S21)"
Республика Коми,субъект,2015,3069,272178,Северо-Западный федеральный округ,88.7,0.552,0.398,2015-01-01,"Росстат, средства размещения по субъектам (S21)"
Республика Коми,субъект,2016,3072,212520,Северо-Западный федеральный округ,69.2,0.39,0.387,2016-01-01,"Росстат, средства размещения по субъектам (S21)"
Республика Коми,субъект,2017,3073,198436,Северо-Западный федеральный округ,64.6,0.322,0.348,2017-01-01,"Росстат, средства размещения по субъектам (S21)"
Республика Коми,субъект,2018,3164,210755,Северо-Западный федеральный округ,66.6,0.295,0.324,2018-01-01,"Росстат, средства размещения по субъектам (S21)"
Республика Коми,субъект,2019,3258,233373,Северо-Западный федеральный округ,71.6,0.307,0.328,2019-01-01,"Росстат, средства размещения по субъектам (S21)"
Республика Коми,субъект,2020,3274,143713,Северо-Западный федеральный округ,43.9,0.303,0.335,2020-01-01,"Росстат, средства размещения по субъектам (S21)"
Республика Коми,субъект,2021,3448,193762,Северо-Западный федеральный округ,56.2,0.291,0.336,2021-01-01,"Росстат, средства размещения по субъектам (S21)"
Республика Коми,субъект,2022,2930,187306,Северо-Западный федеральный округ,63.9,0.256,0.277,2022-01-01,"Росстат, средства размещения по субъектам (S21)"
Республика Коми,субъект,2023,3093,205411,Северо-Западный федеральный округ,66.4,0.246,0.277,2023-01-01,"Росстат, средства размещения по субъектам (S21)"
Республика Коми,субъект,2024,2999,215099,Северо-Западный федеральный округ,71.7,0.239,0.26,2024-01-01,"Росстат, средства размещения по субъектам (S21)"
Республика Коми,субъект,2025,3079,230402,Северо-Западный федеральный округ,74.8,0.25,0.248,2025-01-01,"Росстат, средства размещения по субъектам (S21)"
Архангельская область,субъект,2015,4686,352793,Северо-Западный федеральный округ,75.3,0.716,0.608,2015-01-01,"Росстат, средства размещения по субъектам (S21)"
Архангельская область,субъект,2016,4342,282116,Северо-Западный федеральный округ,65.0,0.518,0.546,2016-01-01,"Росстат, средства размещения по субъектам (S21)"
Архангельская область,субъект,2017,4433,272148,Северо-Западный федеральный округ,61.4,0.442,0.501,2017-01-01,"Росстат, средства размещения по субъектам (S21)"
Архангельская область,субъект,2018,5248,309576,Северо-Западный федеральный округ,59.0,0.433,0.538,2018-01-01,"Росстат, средства размещения по субъектам (S21)"
Архангельская область,субъект,2019,5761,359794,Северо-Западный федеральный округ,62.5,0.473,0.58,2019-01-01,"Росстат, средства размещения по субъектам (S21)"
Архангельская область,субъект,2020,5015,204529,Северо-Западный федеральный округ,40.8,0.432,0.513,2020-01-01,"Росстат, средства размещения по субъектам (S21)"
Архангельская область,субъект,2021,5611,340256,Северо-Западный федеральный округ,60.6,0.511,0.546,2021-01-01,"Росстат, средства размещения по субъектам (S21)"
Архангельская область,субъект,2022,5601,361800,Северо-Западный федеральный округ,64.6,0.495,0.529,2022-01-01,"Росстат, средства размещения по субъектам (S21)"
Архангельская область,субъект,2023,5535,399775,Северо-Западный федеральный округ,72.2,0.478,0.495,2023-01-01,"Росстат, средства размещения по субъектам (S21)"
Архангельская область,субъект,2024,5600,429298,Северо-Западный федеральный округ,76.7,0.477,0.486,2024-01-01,"Росстат, средства размещения по субъектам (S21)"
Архангельская область,субъект,2025,5912,418042,Северо-Западный федеральный округ,70.7,0.454,0.476,2025-01-01,"Росстат, средства размещения по субъектам (S21)"
Ненецкий автономный округ,субъект,2015,193,20993,Северо-Западный федеральный округ,108.8,0.043,0.025,2015-01-01,"Росстат, средства размещения по субъектам (S21)"
Ненецкий автономный округ,субъект,2016,202,12669,Северо-Западный федеральный округ,62.7,0.023,0.025,2016-01-01,"Росстат, средства размещения по субъектам (S21)"
Ненецкий автономный округ,субъект,2017,142,7636,Северо-Западный федеральный округ,53.8,0.012,0.016,2017-01-01,"Росстат, средства размещения по субъектам (S21)"
Ненецкий автономный округ,субъект,2018,170,8936,Северо-Западный федеральный округ,52.6,0.012,0.017,2018-01-01,"Росстат, средства размещения по субъектам (S21)"
Ненецкий автономный округ,субъект,2019,174,13018,Северо-Западный федеральный округ,74.8,0.017,0.018,2019-01-01,"Росстат, средства размещения по субъектам (S21)"
Ненецкий автономный округ,субъект,2020,119,8331,Северо-Западный федеральный округ,70.0,0.018,0.012,2020-01-01,"Росстат, средства размещения по субъектам (S21)"
Ненецкий автономный округ,субъект,2021,194,11722,Северо-Западный федеральный округ,60.4,0.018,0.019,2021-01-01,"Росстат, средства размещения по субъектам (S21)"
Ненецкий автономный округ,субъект,2022,196,13586,Северо-Западный федеральный округ,69.3,0.019,0.019,2022-01-01,"Росстат, средства размещения по субъектам (S21)"
Ненецкий автономный округ,субъект,2023,195,19765,Северо-Западный федеральный округ,101.4,0.024,0.017,2023-01-01,"Росстат, средства размещения по субъектам (S21)"
Ненецкий автономный округ,субъект,2024,209,21451,Северо-Западный федеральный округ,102.6,0.024,0.018,2024-01-01,"Росстат, средства размещения по субъектам (S21)"
Ненецкий автономный округ,субъект,2025,215,20293,Северо-Западный федеральный округ,94.4,0.022,0.017,2025-01-01,"Росстат, средства размещения по субъектам (S21)"
Архангельская область (кроме Ненецкого автономного округа),субъект,2015,4493,331800,Северо-Западный федеральный округ,73.8,0.673,0.583,2015-01-01,"Росстат, средства размещения по субъектам (S21)"
Архангельская область (кроме Ненецкого автономного округа),субъект,2016,4140,269447,Северо-Западный федеральный округ,65.1,0.495,0.521,2016-01-01,"Росстат, средства размещения по субъектам (S21)"
Архангельская область (кроме Ненецкого автономного округа),субъект,2017,4291,264512,Северо-Западный федеральный округ,61.6,0.43,0.485,2017-01-01,"Росстат, средства размещения по субъектам (S21)"
Архангельская область (кроме Ненецкого автономного округа),субъект,2018,5078,300640,Северо-Западный федеральный округ,59.2,0.42,0.52,2018-01-01,"Росстат, средства размещения по субъектам (S21)"
Архангельская область (кроме Ненецкого автономного округа),субъект,2019,5587,346776,Северо-Западный федеральный округ,62.1,0.456,0.563,2019-01-01,"Росстат, средства размещения по субъектам (S21)"
Архангельская область (кроме Ненецкого автономного округа),субъект,2020,4896,196198,Северо-Западный федеральный округ,40.1,0.414,0.501,2020-01-01,"Росстат, средства размещения по субъектам (S21)"
Архангельская область (кроме Ненецкого автономного округа),субъект,2021,5417,328534,Северо-Западный федеральный округ,60.6,0.494,0.527,2021-01-01,"Росстат, средства размещения по субъектам (S21)"
Архангельская область (кроме Ненецкого автономного округа),субъект,2022,5405,348214,Северо-Западный федеральный округ,64.4,0.476,0.511,2022-01-01,"Росстат, средства размещения по субъектам (S21)"
Архангельская область (кроме Ненецкого автономного округа),субъект,2023,5340,380010,Северо-Западный федеральный округ,71.2,0.455,0.478,2023-01-01,"Росстат, средства размещения по субъектам (S21)"
Архангельская область (кроме Ненецкого автономного округа),субъект,2024,5391,407847,Северо-Западный федеральный округ,75.7,0.453,0.468,2024-01-01,"Росстат, средства размещения по субъектам (S21)"
Архангельская область (кроме Ненецкого автономного округа),субъект,2025,5697,397749,Северо-Западный федеральный округ,69.8,0.432,0.459,2025-01-01,"Росстат, средства размещения по субъектам (S21)"
Вологодская область,субъект,2015,5317,412277,Северо-Западный федеральный округ,77.5,0.837,0.69,2015-01-01,"Росстат, средства размещения по субъектам (S21)"
Вологодская область,субъект,2016,5009,382068,Северо-Западный федеральный округ,76.3,0.702,0.63,2016-01-01,"Росстат, средства размещения по субъектам (S21)"
Вологодская область,субъект,2017,5729,455275,Северо-Западный федеральный округ,79.5,0.74,0.648,2017-01-01,"Росстат, средства размещения по субъектам (S21)"
Вологодская область,субъект,2018,6043,502319,Северо-Западный федеральный округ,83.1,0.702,0.619,2018-01-01,"Росстат, средства размещения по субъектам (S21)"
Вологодская область,субъект,2019,5821,477128,Северо-Западный федеральный округ,82.0,0.627,0.586,2019-01-01,"Росстат, средства размещения по субъектам (S21)"
Вологодская область,субъект,2020,5543,282159,Северо-Западный федеральный округ,50.9,0.595,0.567,2020-01-01,"Росстат, средства размещения по субъектам (S21)"
Вологодская область,субъект,2021,5793,371873,Северо-Западный федеральный округ,64.2,0.559,0.564,2021-01-01,"Росстат, средства размещения по субъектам (S21)"
Вологодская область,субъект,2022,6098,464801,Северо-Западный федеральный округ,76.2,0.636,0.576,2022-01-01,"Росстат, средства размещения по субъектам (S21)"
Вологодская область,субъект,2023,6363,554028,Северо-Западный федеральный округ,87.1,0.663,0.569,2023-01-01,"Росстат, средства размещения по субъектам (S21)"
Вологодская область,субъект,2024,6656,601679,Северо-Западный федеральный округ,90.4,0.668,0.578,2024-01-01,"Росстат, средства размещения по субъектам (S21)"
Вологодская область,субъект,2025,6523,554699,Северо-Западный федеральный округ,85.0,0.603,0.525,2025-01-01,"Росстат, средства размещения по субъектам (S21)"
Калининградская область,субъект,2015,7488,535094,Северо-Западный федеральный округ,71.5,1.086,0.972,2015-01-01,"Росстат, средства размещения по субъектам (S21)"
Калининградская область,субъект,2016,6704,520291,Северо-Западный федеральный округ,77.6,0.956,0.844,2016-01-01,"Росстат, средства размещения по субъектам (S21)"
Калининградская область,субъект,2017,6928,549248,Северо-Западный федеральный округ,79.3,0.892,0.783,2017-01-01,"Росстат, средства размещения по субъектам (S21)"
Калининградская область,субъект,2018,7886,627573,Северо-Западный федеральный округ,79.6,0.877,0.808,2018-01-01,"Росстат, средства размещения по субъектам (S21)"
Калининградская область,субъект,2019,7723,655502,Северо-Западный федеральный округ,84.9,0.862,0.778,2019-01-01,"Росстат, средства размещения по субъектам (S21)"
Калининградская область,субъект,2020,7682,528203,Северо-Западный федеральный округ,68.8,1.115,0.786,2020-01-01,"Росстат, средства размещения по субъектам (S21)"
Калининградская область,субъект,2021,8540,832948,Северо-Западный федеральный округ,97.5,1.252,0.832,2021-01-01,"Росстат, средства размещения по субъектам (S21)"
Калининградская область,субъект,2022,9895,770643,Северо-Западный федеральный округ,77.9,1.054,0.935,2022-01-01,"Росстат, средства размещения по субъектам (S21)"
Калининградская область,субъект,2023,10107,898772,Северо-Западный федеральный округ,88.9,1.075,0.904,2023-01-01,"Росстат, средства размещения по субъектам (S21)"
Калининградская область,субъект,2024,10674,1007796,Северо-Западный федеральный округ,94.4,1.119,0.927,2024-01-01,"Росстат, средства размещения по субъектам (S21)"
Калининградская область,субъект,2025,12044,929430,Северо-Западный федеральный округ,77.2,1.01,0.97,2025-01-01,"Росстат, средства размещения по субъектам (S21)"
Ленинградская область,субъект,2015,11503,635348,Северо-Западный федеральный округ,55.2,1.289,1.493,2015-01-01,"Росстат, средства размещения по субъектам (S21)"
Ленинградская область,субъект,2016,8276,639689,Северо-Западный федеральный округ,77.3,1.175,1.041,2016-01-01,"Росстат, средства размещения по субъектам (S21)"
Ленинградская область,субъект,2017,10439,739088,Северо-Западный федеральный округ,70.8,1.201,1.181,2017-01-01,"Росстат, средства размещения по субъектам (S21)"
Ленинградская область,субъект,2018,12507,1064069,Северо-Западный федеральный округ,85.1,1.487,1.282,2018-01-01,"Росстат, средства размещения по субъектам (S21)"
Ленинградская область,субъект,2019,14032,1170825,Северо-Западный федеральный округ,83.4,1.54,1.414,2019-01-01,"Росстат, средства размещения по субъектам (S21)"
Ленинградская область,субъект,2020,13426,965662,Северо-Западный федеральный округ,71.9,2.038,1.374,2020-01-01,"Росстат, средства размещения по субъектам (S21)"
Ленинградская область,субъект,2021,15507,1249649,Северо-Западный федеральный округ,80.6,1.878,1.51,2021-01-01,"Росстат, средства размещения по субъектам (S21)"
Ленинградская область,субъект,2022,15756,1291933,Северо-Западный федеральный округ,82.0,1.768,1.488,2022-01-01,"Росстат, средства размещения по субъектам (S21)"
Ленинградская область,субъект,2023,16282,1287285,Северо-Западный федеральный округ,79.1,1.54,1.457,2023-01-01,"Росстат, средства размещения по субъектам (S21)"
Ленинградская область,субъект,2024,17455,1334560,Северо-Западный федеральный округ,76.5,1.482,1.516,2024-01-01,"Росстат, средства размещения по субъектам (S21)"
Ленинградская область,субъект,2025,20363,1457319,Северо-Западный федеральный округ,71.6,1.583,1.639,2025-01-01,"Росстат, средства размещения по субъектам (S21)"
Мурманская область,субъект,2015,3939,216444,Северо-Западный федеральный округ,54.9,0.439,0.511,2015-01-01,"Росстат, средства размещения по субъектам (S21)"
Мурманская область,субъект,2016,3968,240127,Северо-Западный федеральный округ,60.5,0.441,0.499,2016-01-01,"Росстат, средства размещения по субъектам (S21)"
Мурманская область,субъект,2017,5079,302185,Северо-Западный федеральный округ,59.5,0.491,0.574,2017-01-01,"Росстат, средства размещения по субъектам (S21)"
Мурманская область,субъект,2018,4652,300004,Северо-Западный федеральный округ,64.5,0.419,0.477,2018-01-01,"Росстат, средства размещения по субъектам (S21)"
Мурманская область,субъект,2019,3973,319580,Северо-Западный федеральный округ,80.4,0.42,0.4,2019-01-01,"Росстат, средства размещения по субъектам (S21)"
Мурманская область,субъект,2020,4357,257260,Северо-Западный федеральный округ,59.0,0.543,0.446,2020-01-01,"Росстат, средства размещения по субъектам (S21)"
Мурманская область,субъект,2021,4559,357490,Северо-Западный федеральный округ,78.4,0.537,0.444,2021-01-01,"Росстат, средства размещения по субъектам (S21)"
Мурманская область,субъект,2022,4569,359662,Северо-Западный федеральный округ,78.7,0.492,0.432,2022-01-01,"Росстат, средства размещения по субъектам (S21)"
Мурманская область,субъект,2023,5182,492213,Северо-Западный федеральный округ,95.0,0.589,0.464,2023-01-01,"Росстат, средства размещения по субъектам (S21)"
Мурманская область,субъект,2024,5952,521782,Северо-Западный федеральный округ,87.7,0.579,0.517,2024-01-01,"Росстат, средства размещения по субъектам (S21)"
Мурманская область,субъект,2025,6097,526584,Северо-Западный федеральный округ,86.4,0.572,0.491,2025-01-01,"Росстат, средства размещения по субъектам (S21)"
Новгородская область,субъект,2015,3765,363055,Северо-Западный федеральный округ,96.4,0.737,0.489,2015-01-01,"Росстат, средства размещения по субъектам (S21)"
Новгородская область,субъект,2016,4082,335453,Северо-Западный федеральный округ,82.2,0.616,0.514,2016-01-01,"Росстат, средства размещения по субъектам (S21)"
Новгородская область,субъект,2017,3886,338768,Северо-Западный федеральный округ,87.2,0.55,0.439,2017-01-01,"Росстат, средства размещения по субъектам (S21)"
Новгородская область,субъект,2018,4049,341297,Северо-Западный федеральный округ,84.3,0.477,0.415,2018-01-01,"Росстат, средства размещения по субъектам (S21)"
Новгородская область,субъект,2019,4088,354106,Северо-Западный федеральный округ,86.6,0.466,0.412,2019-01-01,"Росстат, средства размещения по субъектам (S21)"
Новгородская область,субъект,2020,4217,250362,Северо-Западный федеральный округ,59.4,0.528,0.431,2020-01-01,"Росстат, средства размещения по субъектам (S21)"
Новгородская область,субъект,2021,4258,327821,Северо-Западный федеральный округ,77.0,0.493,0.415,2021-01-01,"Росстат, средства размещения по субъектам (S21)"
Новгородская область,субъект,2022,4515,396966,Северо-Западный федеральный округ,87.9,0.543,0.426,2022-01-01,"Росстат, средства размещения по субъектам (S21)"
Новгородская область,субъект,2023,4916,450645,Северо-Западный федеральный округ,91.7,0.539,0.44,2023-01-01,"Росстат, средства размещения по субъектам (S21)"
Новгородская область,субъект,2024,5050,486546,Северо-Западный федеральный округ,96.3,0.54,0.438,2024-01-01,"Росстат, средства размещения по субъектам (S21)"
Новгородская область,субъект,2025,5557,510112,Северо-Западный федеральный округ,91.8,0.554,0.447,2025-01-01,"Росстат, средства размещения по субъектам (S21)"
Псковская область,субъект,2015,3826,371567,Северо-Западный федеральный округ,97.1,0.754,0.497,2015-01-01,"Росстат, средства размещения по субъектам (S21)"
Псковская область,субъект,2016,3631,343788,Северо-Западный федеральный округ,94.7,0.632,0.457,2016-01-01,"Росстат, средства размещения по субъектам (S21)"
Псковская область,субъект,2017,3687,374629,Северо-Западный федеральный округ,101.6,0.609,0.417,2017-01-01,"Росстат, средства размещения по субъектам (S21)"
Псковская область,субъект,2018,3753,371802,Северо-Западный федеральный округ,99.1,0.52,0.385,2018-01-01,"Росстат, средства размещения по субъектам (S21)"
Псковская область,субъект,2019,4009,426949,Северо-Западный федеральный округ,106.5,0.561,0.404,2019-01-01,"Росстат, средства размещения по субъектам (S21)"
Псковская область,субъект,2020,4459,256953,Северо-Западный федеральный округ,57.6,0.542,0.456,2020-01-01,"Росстат, средства размещения по субъектам (S21)"
Псковская область,субъект,2021,4204,368779,Северо-Западный федеральный округ,87.7,0.554,0.409,2021-01-01,"Росстат, средства размещения по субъектам (S21)"
Псковская область,субъект,2022,4434,466090,Северо-Западный федеральный округ,105.1,0.638,0.419,2022-01-01,"Росстат, средства размещения по субъектам (S21)"
Псковская область,субъект,2023,4334,450187,Северо-Западный федеральный округ,103.9,0.539,0.388,2023-01-01,"Росстат, средства размещения по субъектам (S21)"
Псковская область,субъект,2024,4661,528685,Северо-Западный федеральный округ,113.4,0.587,0.405,2024-01-01,"Росстат, средства размещения по субъектам (S21)"
Псковская область,субъект,2025,5161,546269,Северо-Западный федеральный округ,105.8,0.593,0.416,2025-01-01,"Росстат, средства размещения по субъектам (S21)"
г.Санкт-Петербург,субъект,2015,25019,3169793,Северо-Западный федеральный округ,126.7,6.432,3.248,2015-01-01,"Росстат, средства размещения по субъектам (S21)"
г.Санкт-Петербург,субъект,2016,31032,3775632,Северо-Западный федеральный округ,121.7,6.937,3.904,2016-01-01,"Росстат, средства размещения по субъектам (S21)"
г.Санкт-Петербург,субъект,2017,39214,5244717,Северо-Западный федеральный округ,133.7,8.519,4.435,2017-01-01,"Росстат, средства размещения по субъектам (S21)"
г.Санкт-Петербург,субъект,2018,43093,5960874,Северо-Западный федеральный округ,138.3,8.332,4.417,2018-01-01,"Росстат, средства размещения по субъектам (S21)"
г.Санкт-Петербург,субъект,2019,44470,6104985,Северо-Западный федеральный округ,137.3,8.028,4.48,2019-01-01,"Росстат, средства размещения по субъектам (S21)"
г.Санкт-Петербург,субъект,2020,43458,3080780,Северо-Западный федеральный округ,70.9,6.502,4.446,2020-01-01,"Росстат, средства размещения по субъектам (S21)"
г.Санкт-Петербург,субъект,2021,46366,4534260,Северо-Западный федеральный округ,97.8,6.814,4.515,2021-01-01,"Росстат, средства размещения по субъектам (S21)"
г.Санкт-Петербург,субъект,2022,48782,5102214,Северо-Западный федеральный округ,104.6,6.98,4.608,2022-01-01,"Росстат, средства размещения по субъектам (S21)"
г.Санкт-Петербург,субъект,2023,55154,6192316,Северо-Западный федеральный округ,112.3,7.409,4.936,2023-01-01,"Росстат, средства размещения по субъектам (S21)"
г.Санкт-Петербург,субъект,2024,59461,6533474,Северо-Западный федеральный округ,109.9,7.254,5.163,2024-01-01,"Росстат, средства размещения по субъектам (S21)"
г.Санкт-Петербург,субъект,2025,69988,6969476,Северо-Западный федеральный округ,99.6,7.572,5.635,2025-01-01,"Росстат, средства размещения по субъектам (S21)"
Южный федеральный округ,федеральный округ,2015,240991,9213178,Южный федеральный округ,38.2,18.694,31.283,2015-01-01,"Росстат, средства размещения по субъектам (S21)"
Южный федеральный округ,федеральный округ,2016,242281,9529509,Южный федеральный округ,39.3,17.508,30.484,2016-01-01,"Росстат, средства размещения по субъектам (S21)"
Южный федеральный округ,федеральный округ,2017,265289,10507549,Южный федеральный округ,39.6,17.068,30.001,2017-01-01,"Росстат, средства размещения по субъектам (S21)"
Южный федеральный округ,федеральный округ,2018,300694,12678124,Южный федеральный округ,42.2,17.722,30.82,2018-01-01,"Росстат, средства размещения по субъектам (S21)"
Южный федеральный округ,федеральный округ,2019,307043,13352607,Южный федеральный округ,43.5,17.56,30.933,2019-01-01,"Росстат, средства размещения по субъектам (S21)"
Южный федеральный округ,федеральный округ,2020,302980,10060999,Южный федеральный округ,33.2,21.234,30.998,2020-01-01,"Росстат, средства размещения по субъектам (S21)"
Южный федеральный округ,федеральный округ,2021,316075,13197371,Южный федеральный округ,41.8,19.834,30.776,2021-01-01,"Росстат, средства размещения по субъектам (S21)"
Южный федеральный округ,федеральный округ,2022,322678,14566339,Южный федеральный округ,45.1,19.928,30.478,2022-01-01,"Росстат, средства размещения по субъектам (S21)"
Южный федеральный округ,федеральный округ,2023,336800,15354663,Южный федеральный округ,45.6,18.372,30.141,2023-01-01,"Росстат, средства размещения по субъектам (S21)"
Южный федеральный округ,федеральный округ,2024,333073,16834073,Южный федеральный округ,50.5,18.69,28.919,2024-01-01,"Росстат, средства размещения по субъектам (S21)"
Южный федеральный округ,федеральный округ,2025,339904,15961198,Южный федеральный округ,47.0,17.341,27.367,2025-01-01,"Росстат, средства размещения по субъектам (S21)"
Республика Адыгея,субъект,2015,1289,82159,Южный федеральный округ,63.7,0.167,0.167,2015-01-01,"Росстат, средства размещения по субъектам (S21)"
Республика Адыгея,субъект,2016,1184,92358,Южный федеральный округ,78.0,0.17,0.149,2016-01-01,"Росстат, средства размещения по субъектам (S21)"
Республика Адыгея,субъект,2017,1468,108356,Южный федеральный округ,73.8,0.176,0.166,2017-01-01,"Росстат, средства размещения по субъектам (S21)"
Республика Адыгея,субъект,2018,1703,115987,Южный федеральный округ,68.1,0.162,0.175,2018-01-01,"Росстат, средства размещения по субъектам (S21)"
Республика Адыгея,субъект,2019,1865,144066,Южный федеральный округ,77.2,0.189,0.188,2019-01-01,"Росстат, средства размещения по субъектам (S21)"
Республика Адыгея,субъект,2020,1892,111616,Южный федеральный округ,59.0,0.236,0.194,2020-01-01,"Росстат, средства размещения по субъектам (S21)"
Республика Адыгея,субъект,2021,1992,208672,Южный федеральный округ,104.8,0.314,0.194,2021-01-01,"Росстат, средства размещения по субъектам (S21)"
Республика Адыгея,субъект,2022,2172,179969,Южный федеральный округ,82.9,0.246,0.205,2022-01-01,"Росстат, средства размещения по субъектам (S21)"
Республика Адыгея,субъект,2023,2535,243731,Южный федеральный округ,96.1,0.292,0.227,2023-01-01,"Росстат, средства размещения по субъектам (S21)"
Республика Адыгея,субъект,2024,3503,502958,Южный федеральный округ,143.6,0.558,0.304,2024-01-01,"Росстат, средства размещения по субъектам (S21)"
Республика Адыгея,субъект,2025,3068,505257,Южный федеральный округ,164.7,0.549,0.247,2025-01-01,"Росстат, средства размещения по субъектам (S21)"
Республика Калмыкия,субъект,2015,362,39829,Южный федеральный округ,110.0,0.081,0.047,2015-01-01,"Росстат, средства размещения по субъектам (S21)"
Республика Калмыкия,субъект,2016,466,31655,Южный федеральный округ,67.9,0.058,0.059,2016-01-01,"Росстат, средства размещения по субъектам (S21)"
Республика Калмыкия,субъект,2017,618,34891,Южный федеральный округ,56.5,0.057,0.07,2017-01-01,"Росстат, средства размещения по субъектам (S21)"
Республика Калмыкия,субъект,2018,672,39524,Южный федеральный округ,58.8,0.055,0.069,2018-01-01,"Росстат, средства размещения по субъектам (S21)"
Республика Калмыкия,субъект,2019,675,44570,Южный федеральный округ,66.0,0.059,0.068,2019-01-01,"Росстат, средства размещения по субъектам (S21)"
Республика Калмыкия,субъект,2020,586,26195,Южный федеральный округ,44.7,0.055,0.06,2020-01-01,"Росстат, средства размещения по субъектам (S21)"
Республика Калмыкия,субъект,2021,643,41795,Южный федеральный округ,65.0,0.063,0.063,2021-01-01,"Росстат, средства размещения по субъектам (S21)"
Республика Калмыкия,субъект,2022,672,53619,Южный федеральный округ,79.8,0.073,0.063,2022-01-01,"Росстат, средства размещения по субъектам (S21)"
Республика Калмыкия,субъект,2023,814,67310,Южный федеральный округ,82.7,0.081,0.073,2023-01-01,"Росстат, средства размещения по субъектам (S21)"
Республика Калмыкия,субъект,2024,913,89808,Южный федеральный округ,98.4,0.1,0.079,2024-01-01,"Росстат, средства размещения по субъектам (S21)"
Республика Калмыкия,субъект,2025,1091,91975,Южный федеральный округ,84.3,0.1,0.088,2025-01-01,"Росстат, средства размещения по субъектам (S21)"
Республика Крым,субъект,2015,70803,1626224,Южный федеральный округ,23.0,3.3,9.191,2015-01-01,"Росстат, средства размещения по субъектам (S21)"
Республика Крым,субъект,2016,69239,1700414,Южный федеральный округ,24.6,3.124,8.712,2016-01-01,"Росстат, средства размещения по субъектам (S21)"
Республика Крым,субъект,2017,62383,1591251,Южный федеральный округ,25.5,2.585,7.055,2017-01-01,"Росстат, средства размещения по субъектам (S21)"
Республика Крым,субъект,2018,64719,2083441,Южный федеральный округ,32.2,2.912,6.633,2018-01-01,"Росстат, средства размещения по субъектам (S21)"
Республика Крым,субъект,2019,69458,2379554,Южный федеральный округ,34.3,3.129,6.998,2019-01-01,"Росстат, средства размещения по субъектам (S21)"
Республика Крым,субъект,2020,73307,1941623,Южный федеральный округ,26.5,4.098,7.5,2020-01-01,"Росстат, средства размещения по субъектам (S21)"
Республика Крым,субъект,2021,75248,2479712,Южный федеральный округ,33.0,3.727,7.327,2021-01-01,"Росстат, средства размещения по субъектам (S21)"
Республика Крым,субъект,2022,74329,1860273,Южный федеральный округ,25.0,2.545,7.021,2022-01-01,"Росстат, средства размещения по субъектам (S21)"
Республика Крым,субъект,2023,75152,1811770,Южный федеральный округ,24.1,2.168,6.726,2023-01-01,"Росстат, средства размещения по субъектам (S21)"
Республика Крым,субъект,2024,74913,2082480,Южный федеральный округ,27.8,2.312,6.504,2024-01-01,"Росстат, средства размещения по субъектам (S21)"
Республика Крым,субъект,2025,75347,2431173,Южный федеральный округ,32.3,2.641,6.066,2025-01-01,"Росстат, средства размещения по субъектам (S21)"
Краснодарский край,субъект,2015,135829,5560263,Южный федеральный округ,40.9,11.282,17.632,2015-01-01,"Росстат, средства размещения по субъектам (S21)"
Краснодарский край,субъект,2016,142034,5806246,Южный федеральный округ,40.9,10.667,17.871,2016-01-01,"Росстат, средства размещения по субъектам (S21)"
Краснодарский край,субъект,2017,166433,6622783,Южный федеральный округ,39.8,10.758,18.821,2017-01-01,"Росстат, средства размещения по субъектам (S21)"
Краснодарский край,субъект,2018,196406,8051025,Южный федеральный округ,41.0,11.254,20.131,2018-01-01,"Росстат, средства размещения по субъектам (S21)"
Краснодарский край,субъект,2019,197328,8298619,Южный федеральный округ,42.1,10.913,19.88,2019-01-01,"Росстат, средства размещения по субъектам (S21)"
Краснодарский край,субъект,2020,190547,6298412,Южный федеральный округ,33.1,13.293,19.495,2020-01-01,"Росстат, средства размещения по субъектам (S21)"
Краснодарский край,субъект,2021,199665,8073926,Южный федеральный округ,40.4,12.134,19.441,2021-01-01,"Росстат, средства размещения по субъектам (S21)"
Краснодарский край,субъект,2022,205596,9706606,Южный федеральный округ,47.2,13.28,19.42,2022-01-01,"Росстат, средства размещения по субъектам (S21)"
Краснодарский край,субъект,2023,217532,9961066,Южный федеральный округ,45.8,11.918,19.467,2023-01-01,"Росстат, средства размещения по субъектам (S21)"
Краснодарский край,субъект,2024,211144,10640168,Южный федеральный округ,50.4,11.813,18.332,2024-01-01,"Росстат, средства размещения по субъектам (S21)"
Краснодарский край,субъект,2025,215222,9306208,Южный федеральный округ,43.2,10.111,17.328,2025-01-01,"Росстат, средства размещения по субъектам (S21)"
Астраханская область,субъект,2015,4214,207980,Южный федеральный округ,49.4,0.422,0.547,2015-01-01,"Росстат, средства размещения по субъектам (S21)"
Астраханская область,субъект,2016,5106,263938,Южный федеральный округ,51.7,0.485,0.642,2016-01-01,"Росстат, средства размещения по субъектам (S21)"
Астраханская область,субъект,2017,6159,268238,Южный федеральный округ,43.6,0.436,0.696,2017-01-01,"Росстат, средства размещения по субъектам (S21)"
Астраханская область,субъект,2018,6372,238389,Южный федеральный округ,37.4,0.333,0.653,2018-01-01,"Росстат, средства размещения по субъектам (S21)"
Астраханская область,субъект,2019,6631,261101,Южный федеральный округ,39.4,0.343,0.668,2019-01-01,"Росстат, средства размещения по субъектам (S21)"
Астраханская область,субъект,2020,6841,201250,Южный федеральный округ,29.4,0.425,0.7,2020-01-01,"Росстат, средства размещения по субъектам (S21)"
Астраханская область,субъект,2021,6875,300264,Южный федеральный округ,43.7,0.451,0.669,2021-01-01,"Росстат, средства размещения по субъектам (S21)"
Астраханская область,субъект,2022,7115,318255,Южный федеральный округ,44.7,0.435,0.672,2022-01-01,"Росстат, средства размещения по субъектам (S21)"
Астраханская область,субъект,2023,7402,378078,Южный федеральный округ,51.1,0.452,0.662,2023-01-01,"Росстат, средства размещения по субъектам (S21)"
Астраханская область,субъект,2024,8109,381838,Южный федеральный округ,47.1,0.424,0.704,2024-01-01,"Росстат, средства размещения по субъектам (S21)"
Астраханская область,субъект,2025,8193,372014,Южный федеральный округ,45.4,0.404,0.66,2025-01-01,"Росстат, средства размещения по субъектам (S21)"
Волгоградская область,субъект,2015,8964,512971,Южный федеральный округ,57.2,1.041,1.164,2015-01-01,"Росстат, средства размещения по субъектам (S21)"
Волгоградская область,субъект,2016,9162,582862,Южный федеральный округ,63.6,1.071,1.153,2016-01-01,"Росстат, средства размещения по субъектам (S21)"
Волгоградская область,субъект,2017,10634,616792,Южный федеральный округ,58.0,1.002,1.203,2017-01-01,"Росстат, средства размещения по субъектам (S21)"
Волгоградская область,субъект,2018,11625,720005,Южный федеральный округ,61.9,1.006,1.192,2018-01-01,"Росстат, средства размещения по субъектам (S21)"
Волгоградская область,субъект,2019,11016,707476,Южный федеральный округ,64.2,0.93,1.11,2019-01-01,"Росстат, средства размещения по субъектам (S21)"
Волгоградская область,субъект,2020,10922,489039,Южный федеральный округ,44.8,1.032,1.117,2020-01-01,"Росстат, средства размещения по субъектам (S21)"
Волгоградская область,субъект,2021,11337,729540,Южный федеральный округ,64.4,1.096,1.104,2021-01-01,"Росстат, средства размещения по субъектам (S21)"
Волгоградская область,субъект,2022,11382,814529,Южный федеральный округ,71.6,1.114,1.075,2022-01-01,"Росстат, средства размещения по субъектам (S21)"
Волгоградская область,субъект,2023,11375,990848,Южный федеральный округ,87.1,1.186,1.018,2023-01-01,"Росстат, средства размещения по субъектам (S21)"
Волгоградская область,субъект,2024,11634,1028052,Южный федеральный округ,88.4,1.141,1.01,2024-01-01,"Росстат, средства размещения по субъектам (S21)"
Волгоградская область,субъект,2025,12165,1118782,Южный федеральный округ,92.0,1.216,0.979,2025-01-01,"Росстат, средства размещения по субъектам (S21)"
Ростовская область,субъект,2015,12685,883006,Южный федеральный округ,69.6,1.792,1.647,2015-01-01,"Росстат, средства размещения по субъектам (S21)"
Ростовская область,субъект,2016,12863,925229,Южный федеральный округ,71.9,1.7,1.618,2016-01-01,"Росстат, средства размещения по субъектам (S21)"
Ростовская область,субъект,2017,13822,1085962,Южный федеральный округ,78.6,1.764,1.563,2017-01-01,"Росстат, средства размещения по субъектам (S21)"
Ростовская область,субъект,2018,14957,1262015,Южный федеральный округ,84.4,1.764,1.533,2018-01-01,"Росстат, средства размещения по субъектам (S21)"
Ростовская область,субъект,2019,15096,1277290,Южный федеральный округ,84.6,1.68,1.521,2019-01-01,"Росстат, средства размещения по субъектам (S21)"
Ростовская область,субъект,2020,13872,838082,Южный федеральный округ,60.4,1.769,1.419,2020-01-01,"Росстат, средства размещения по субъектам (S21)"
Ростовская область,субъект,2021,14425,1145858,Южный федеральный округ,79.4,1.722,1.405,2021-01-01,"Росстат, средства размещения по субъектам (S21)"
Ростовская область,субъект,2022,15609,1451318,Южный федеральный округ,93.0,1.986,1.474,2022-01-01,"Росстат, средства размещения по субъектам (S21)"
Ростовская область,субъект,2023,16804,1780696,Южный федеральный округ,106.0,2.131,1.504,2023-01-01,"Росстат, средства размещения по субъектам (S21)"
Ростовская область,субъект,2024,17637,1956732,Южный федеральный округ,110.9,2.172,1.531,2024-01-01,"Росстат, средства размещения по субъектам (S21)"
Ростовская область,субъект,2025,19122,1923281,Южный федеральный округ,100.6,2.09,1.54,2025-01-01,"Росстат, средства размещения по субъектам (S21)"
г.Севастополь,субъект,2015,6845,300746,Южный федеральный округ,43.9,0.61,0.889,2015-01-01,"Росстат, средства размещения по субъектам (S21)"
г.Севастополь,субъект,2016,2227,126807,Южный федеральный округ,56.9,0.233,0.28,2016-01-01,"Росстат, средства размещения по субъектам (S21)"
г.Севастополь,субъект,2017,3772,179276,Южный федеральный округ,47.5,0.291,0.427,2017-01-01,"Росстат, средства размещения по субъектам (S21)"
г.Севастополь,субъект,2018,4240,167738,Южный федеральный округ,39.6,0.234,0.435,2018-01-01,"Росстат, средства размещения по субъектам (S21)"
г.Севастополь,субъект,2019,4974,239931,Южный федеральный округ,48.2,0.316,0.501,2019-01-01,"Росстат, средства размещения по субъектам (S21)"
г.Севастополь,субъект,2020,5013,154782,Южный федеральный округ,30.9,0.327,0.513,2020-01-01,"Росстат, средства размещения по субъектам (S21)"
г.Севастополь,субъект,2021,5890,217604,Южный федеральный округ,36.9,0.327,0.574,2021-01-01,"Росстат, средства размещения по субъектам (S21)"
г.Севастополь,субъект,2022,5803,181770,Южный федеральный округ,31.3,0.249,0.548,2022-01-01,"Росстат, средства размещения по субъектам (S21)"
г.Севастополь,субъект,2023,5186,121164,Южный федеральный округ,23.4,0.145,0.464,2023-01-01,"Росстат, средства размещения по субъектам (S21)"
г.Севастополь,субъект,2024,5220,152037,Южный федеральный округ,29.1,0.169,0.453,2024-01-01,"Росстат, средства размещения по субъектам (S21)"
г.Севастополь,субъект,2025,5696,212508,Южный федеральный округ,37.3,0.231,0.459,2025-01-01,"Росстат, средства размещения по субъектам (S21)"
Северо-Кавказский федеральный округ,федеральный округ,2015,34549,1370267,Северо-Кавказский федеральный округ,39.7,2.78,4.485,2015-01-01,"Росстат, средства размещения по субъектам (S21)"
Северо-Кавказский федеральный округ,федеральный округ,2016,36739,1418286,Северо-Кавказский федеральный округ,38.6,2.606,4.623,2016-01-01,"Росстат, средства размещения по субъектам (S21)"
Северо-Кавказский федеральный округ,федеральный округ,2017,38423,1449483,Северо-Кавказский федеральный округ,37.7,2.354,4.345,2017-01-01,"Росстат, средства размещения по субъектам (S21)"
Северо-Кавказский федеральный округ,федеральный округ,2018,40840,1650296,Северо-Кавказский федеральный округ,40.4,2.307,4.186,2018-01-01,"Росстат, средства размещения по субъектам (S21)"
Северо-Кавказский федеральный округ,федеральный округ,2019,42353,1753362,Северо-Кавказский федеральный округ,41.4,2.306,4.267,2019-01-01,"Росстат, средства размещения по субъектам (S21)"
Северо-Кавказский федеральный округ,федеральный округ,2020,43734,1182984,Северо-Кавказский федеральный округ,27.0,2.497,4.474,2020-01-01,"Росстат, средства размещения по субъектам (S21)"
Северо-Кавказский федеральный округ,федеральный округ,2021,44720,1882677,Северо-Кавказский федеральный округ,42.1,2.829,4.354,2021-01-01,"Росстат, средства размещения по субъектам (S21)"
Северо-Кавказский федеральный округ,федеральный округ,2022,48227,2363988,Северо-Кавказский федеральный округ,49.0,3.234,4.555,2022-01-01,"Росстат, средства размещения по субъектам (S21)"
Северо-Кавказский федеральный округ,федеральный округ,2023,50599,3059935,Северо-Кавказский федеральный округ,60.5,3.661,4.528,2023-01-01,"Росстат, средства размещения по субъектам (S21)"
Северо-Кавказский федеральный округ,федеральный округ,2024,53596,3308613,Северо-Кавказский федеральный округ,61.7,3.673,4.653,2024-01-01,"Росстат, средства размещения по субъектам (S21)"
Северо-Кавказский федеральный округ,федеральный округ,2025,61158,3588126,Северо-Кавказский федеральный округ,58.7,3.898,4.924,2025-01-01,"Росстат, средства размещения по субъектам (S21)"
Республика Дагестан,субъект,2015,2708,136922,Северо-Кавказский федеральный округ,50.6,0.278,0.352,2015-01-01,"Росстат, средства размещения по субъектам (S21)"
Республика Дагестан,субъект,2016,2556,139384,Северо-Кавказский федеральный округ,54.5,0.256,0.322,2016-01-01,"Росстат, средства размещения по субъектам (S21)"
Республика Дагестан,субъект,2017,3042,115988,Северо-Кавказский федеральный округ,38.1,0.188,0.344,2017-01-01,"Росстат, средства размещения по субъектам (S21)"
Республика Дагестан,субъект,2018,3967,187353,Северо-Кавказский федеральный округ,47.2,0.262,0.407,2018-01-01,"Росстат, средства размещения по субъектам (S21)"
Республика Дагестан,субъект,2019,5039,168383,Северо-Кавказский федеральный округ,33.4,0.221,0.508,2019-01-01,"Росстат, средства размещения по субъектам (S21)"
Республика Дагестан,субъект,2020,5040,123007,Северо-Кавказский федеральный округ,24.4,0.26,0.516,2020-01-01,"Росстат, средства размещения по субъектам (S21)"
Республика Дагестан,субъект,2021,5367,142786,Северо-Кавказский федеральный округ,26.6,0.215,0.523,2021-01-01,"Росстат, средства размещения по субъектам (S21)"
Республика Дагестан,субъект,2022,5719,248237,Северо-Кавказский федеральный округ,43.4,0.34,0.54,2022-01-01,"Росстат, средства размещения по субъектам (S21)"
Республика Дагестан,субъект,2023,6940,445771,Северо-Кавказский федеральный округ,64.2,0.533,0.621,2023-01-01,"Росстат, средства размещения по субъектам (S21)"
Республика Дагестан,субъект,2024,7829,513229,Северо-Кавказский федеральный округ,65.6,0.57,0.68,2024-01-01,"Росстат, средства размещения по субъектам (S21)"
Республика Дагестан,субъект,2025,10990,572539,Северо-Кавказский федеральный округ,52.1,0.622,0.885,2025-01-01,"Росстат, средства размещения по субъектам (S21)"
Кабардино-Балкарская Республика,субъект,2015,3996,105460,Северо-Кавказский федеральный округ,26.4,0.214,0.519,2015-01-01,"Росстат, средства размещения по субъектам (S21)"
Кабардино-Балкарская Республика,субъект,2016,4276,107397,Северо-Кавказский федеральный округ,25.1,0.197,0.538,2016-01-01,"Росстат, средства размещения по субъектам (S21)"
Кабардино-Балкарская Республика,субъект,2017,4758,122772,Северо-Кавказский федеральный округ,25.8,0.199,0.538,2017-01-01,"Росстат, средства размещения по субъектам (S21)"
Кабардино-Балкарская Республика,субъект,2018,5124,126680,Северо-Кавказский федеральный округ,24.7,0.177,0.525,2018-01-01,"Росстат, средства размещения по субъектам (S21)"
Кабардино-Балкарская Республика,субъект,2019,5383,162201,Северо-Кавказский федеральный округ,30.1,0.213,0.542,2019-01-01,"Росстат, средства размещения по субъектам (S21)"
Кабардино-Балкарская Республика,субъект,2020,5562,93033,Северо-Кавказский федеральный округ,16.7,0.196,0.569,2020-01-01,"Росстат, средства размещения по субъектам (S21)"
Кабардино-Балкарская Республика,субъект,2021,5715,167868,Северо-Кавказский федеральный округ,29.4,0.252,0.556,2021-01-01,"Росстат, средства размещения по субъектам (S21)"
Кабардино-Балкарская Республика,субъект,2022,6142,204707,Северо-Кавказский федеральный округ,33.3,0.28,0.58,2022-01-01,"Росстат, средства размещения по субъектам (S21)"
Кабардино-Балкарская Республика,субъект,2023,6395,250291,Северо-Кавказский федеральный округ,39.1,0.299,0.572,2023-01-01,"Росстат, средства размещения по субъектам (S21)"
Кабардино-Балкарская Республика,субъект,2024,6578,292990,Северо-Кавказский федеральный округ,44.5,0.325,0.571,2024-01-01,"Росстат, средства размещения по субъектам (S21)"
Кабардино-Балкарская Республика,субъект,2025,6700,303094,Северо-Кавказский федеральный округ,45.2,0.329,0.539,2025-01-01,"Росстат, средства размещения по субъектам (S21)"
Карачаево-Черкесская Республика,субъект,2015,3004,192993,Северо-Кавказский федеральный округ,64.2,0.392,0.39,2015-01-01,"Росстат, средства размещения по субъектам (S21)"
Карачаево-Черкесская Республика,субъект,2016,2880,115424,Северо-Кавказский федеральный округ,40.1,0.212,0.362,2016-01-01,"Росстат, средства размещения по субъектам (S21)"
Карачаево-Черкесская Республика,субъект,2017,3003,99883,Северо-Кавказский федеральный округ,33.3,0.162,0.34,2017-01-01,"Росстат, средства размещения по субъектам (S21)"
Карачаево-Черкесская Республика,субъект,2018,2887,103176,Северо-Кавказский федеральный округ,35.7,0.144,0.296,2018-01-01,"Росстат, средства размещения по субъектам (S21)"
Карачаево-Черкесская Республика,субъект,2019,3050,105178,Северо-Кавказский федеральный округ,34.5,0.138,0.307,2019-01-01,"Росстат, средства размещения по субъектам (S21)"
Карачаево-Черкесская Республика,субъект,2020,3253,89509,Северо-Кавказский федеральный округ,27.5,0.189,0.333,2020-01-01,"Росстат, средства размещения по субъектам (S21)"
Карачаево-Черкесская Республика,субъект,2021,3508,152025,Северо-Кавказский федеральный округ,43.3,0.228,0.342,2021-01-01,"Росстат, средства размещения по субъектам (S21)"
Карачаево-Черкесская Республика,субъект,2022,4815,220219,Северо-Кавказский федеральный округ,45.7,0.301,0.455,2022-01-01,"Росстат, средства размещения по субъектам (S21)"
Карачаево-Черкесская Республика,субъект,2023,4831,277717,Северо-Кавказский федеральный округ,57.5,0.332,0.432,2023-01-01,"Росстат, средства размещения по субъектам (S21)"
Карачаево-Черкесская Республика,субъект,2024,5183,344628,Северо-Кавказский федеральный округ,66.5,0.383,0.45,2024-01-01,"Росстат, средства размещения по субъектам (S21)"
Карачаево-Черкесская Республика,субъект,2025,7821,413113,Северо-Кавказский федеральный округ,52.8,0.449,0.63,2025-01-01,"Росстат, средства размещения по субъектам (S21)"
Республика Северная Осетия - Алания,субъект,2015,1688,49422,Северо-Кавказский федеральный округ,29.3,0.1,0.219,2015-01-01,"Росстат, средства размещения по субъектам (S21)"
Республика Северная Осетия - Алания,субъект,2016,1505,42693,Северо-Кавказский федеральный округ,28.4,0.078,0.189,2016-01-01,"Росстат, средства размещения по субъектам (S21)"
Республика Северная Осетия - Алания,субъект,2017,1731,52878,Северо-Кавказский федеральный округ,30.5,0.086,0.196,2017-01-01,"Росстат, средства размещения по субъектам (S21)"
Республика Северная Осетия - Алания,субъект,2018,1917,69981,Северо-Кавказский федеральный округ,36.5,0.098,0.196,2018-01-01,"Росстат, средства размещения по субъектам (S21)"
Республика Северная Осетия - Алания,субъект,2019,2160,86396,Северо-Кавказский федеральный округ,40.0,0.114,0.218,2019-01-01,"Росстат, средства размещения по субъектам (S21)"
Республика Северная Осетия - Алания,субъект,2020,2281,90743,Северо-Кавказский федеральный округ,39.8,0.192,0.233,2020-01-01,"Росстат, средства размещения по субъектам (S21)"
Республика Северная Осетия - Алания,субъект,2021,2305,176688,Северо-Кавказский федеральный округ,76.7,0.266,0.224,2021-01-01,"Росстат, средства размещения по субъектам (S21)"
Республика Северная Осетия - Алания,субъект,2022,2252,220146,Северо-Кавказский федеральный округ,97.8,0.301,0.213,2022-01-01,"Росстат, средства размещения по субъектам (S21)"
Республика Северная Осетия - Алания,субъект,2023,2478,250101,Северо-Кавказский федеральный округ,100.9,0.299,0.222,2023-01-01,"Росстат, средства размещения по субъектам (S21)"
Республика Северная Осетия - Алания,субъект,2024,2514,230971,Северо-Кавказский федеральный округ,91.9,0.256,0.218,2024-01-01,"Росстат, средства размещения по субъектам (S21)"
Республика Северная Осетия - Алания,субъект,2025,3263,276106,Северо-Кавказский федеральный округ,84.6,0.3,0.263,2025-01-01,"Росстат, средства размещения по субъектам (S21)"
Ставропольский край,субъект,2015,22237,848774,Северо-Кавказский федеральный округ,38.2,1.722,2.887,2015-01-01,"Росстат, средства размещения по субъектам (S21)"
Ставропольский край,субъект,2016,24384,977155,Северо-Кавказский федеральный округ,40.1,1.795,3.068,2016-01-01,"Росстат, средства размещения по субъектам (S21)"
Ставропольский край,субъект,2017,24367,1000585,Северо-Кавказский федеральный округ,41.1,1.625,2.756,2017-01-01,"Росстат, средства размещения по субъектам (S21)"
Ставропольский край,субъект,2018,24713,1080487,Северо-Кавказский федеральный округ,43.7,1.51,2.533,2018-01-01,"Росстат, средства размещения по субъектам (S21)"
Ставропольский край,субъект,2019,24436,1124152,Северо-Кавказский федеральный округ,46.0,1.478,2.462,2019-01-01,"Росстат, средства размещения по субъектам (S21)"
Ставропольский край,субъект,2020,24807,661129,Северо-Кавказский федеральный округ,26.7,1.395,2.538,2020-01-01,"Росстат, средства размещения по субъектам (S21)"
Ставропольский край,субъект,2021,24965,1082734,Северо-Кавказский федеральный округ,43.4,1.627,2.431,2021-01-01,"Росстат, средства размещения по субъектам (S21)"
Ставропольский край,субъект,2022,26371,1262918,Северо-Кавказский федеральный округ,47.9,1.728,2.491,2022-01-01,"Росстат, средства размещения по субъектам (S21)"
Ставропольский край,субъект,2023,26745,1569425,Северо-Кавказский федеральный округ,58.7,1.878,2.393,2023-01-01,"Росстат, средства размещения по субъектам (S21)"
Ставропольский край,субъект,2024,27977,1636523,Северо-Кавказский федеральный округ,58.5,1.817,2.429,2024-01-01,"Росстат, средства размещения по субъектам (S21)"
Ставропольский край,субъект,2025,28735,1660089,Северо-Кавказский федеральный округ,57.8,1.804,2.314,2025-01-01,"Росстат, средства размещения по субъектам (S21)"
Приволжский федеральный округ,федеральный округ,2015,107465,7095094,Приволжский федеральный округ,66.0,14.396,13.95,2015-01-01,"Росстат, средства размещения по субъектам (S21)"
Приволжский федеральный округ,федеральный округ,2016,104810,7405275,Приволжский федеральный округ,70.7,13.605,13.187,2016-01-01,"Росстат, средства размещения по субъектам (S21)"
Приволжский федеральный округ,федеральный округ,2017,129419,8250266,Приволжский федеральный округ,63.7,13.401,14.636,2017-01-01,"Росстат, средства размещения по субъектам (S21)"
Приволжский федеральный округ,федеральный округ,2018,135827,8898737,Приволжский федеральный округ,65.5,12.439,13.922,2018-01-01,"Росстат, средства размещения по субъектам (S21)"
Приволжский федеральный округ,федеральный округ,2019,135672,9573145,Приволжский федеральный округ,70.6,12.589,13.668,2019-01-01,"Росстат, средства размещения по субъектам (S21)"
Приволжский федеральный округ,федеральный округ,2020,134015,6205042,Приволжский федеральный округ,46.3,13.096,13.711,2020-01-01,"Росстат, средства размещения по субъектам (S21)"
Приволжский федеральный округ,федеральный округ,2021,136369,9361991,Приволжский федеральный округ,68.7,14.07,13.278,2021-01-01,"Росстат, средства размещения по субъектам (S21)"
Приволжский федеральный округ,федеральный округ,2022,141629,10424696,Приволжский федеральный округ,73.6,14.262,13.378,2022-01-01,"Росстат, средства размещения по субъектам (S21)"
Приволжский федеральный округ,федеральный округ,2023,141676,11373815,Приволжский федеральный округ,80.3,13.609,12.679,2023-01-01,"Росстат, средства размещения по субъектам (S21)"
Приволжский федеральный округ,федеральный округ,2024,146180,12071684,Приволжский федеральный округ,82.6,13.403,12.692,2024-01-01,"Росстат, средства размещения по субъектам (S21)"
Приволжский федеральный округ,федеральный округ,2025,157870,12567605,Приволжский федеральный округ,79.6,13.654,12.711,2025-01-01,"Росстат, средства размещения по субъектам (S21)"
Республика Башкортостан,субъект,2015,15706,891507,Приволжский федеральный округ,56.8,1.809,2.039,2015-01-01,"Росстат, средства размещения по субъектам (S21)"
Республика Башкортостан,субъект,2016,14647,1028254,Приволжский федеральный округ,70.2,1.889,1.843,2016-01-01,"Росстат, средства размещения по субъектам (S21)"
Республика Башкортостан,субъект,2017,18208,1123083,Приволжский федеральный округ,61.7,1.824,2.059,2017-01-01,"Росстат, средства размещения по субъектам (S21)"
Республика Башкортостан,субъект,2018,18349,1169066,Приволжский федеральный округ,63.7,1.634,1.881,2018-01-01,"Росстат, средства размещения по субъектам (S21)"
Республика Башкортостан,субъект,2019,18351,1284825,Приволжский федеральный округ,70.0,1.69,1.849,2019-01-01,"Росстат, средства размещения по субъектам (S21)"
Республика Башкортостан,субъект,2020,19137,893776,Приволжский федеральный округ,46.7,1.886,1.958,2020-01-01,"Росстат, средства размещения по субъектам (S21)"
Республика Башкортостан,субъект,2021,20191,1393719,Приволжский федеральный округ,69.0,2.095,1.966,2021-01-01,"Росстат, средства размещения по субъектам (S21)"
Республика Башкортостан,субъект,2022,19598,1399482,Приволжский федеральный округ,71.4,1.915,1.851,2022-01-01,"Росстат, средства размещения по субъектам (S21)"
Республика Башкортостан,субъект,2023,19096,1458451,Приволжский федеральный округ,76.4,1.745,1.709,2023-01-01,"Росстат, средства размещения по субъектам (S21)"
Республика Башкортостан,субъект,2024,20176,1462869,Приволжский федеральный округ,72.5,1.624,1.752,2024-01-01,"Росстат, средства размещения по субъектам (S21)"
Республика Башкортостан,субъект,2025,20912,1399541,Приволжский федеральный округ,66.9,1.521,1.684,2025-01-01,"Росстат, средства размещения по субъектам (S21)"
Республика Марий Эл,субъект,2015,2255,111169,Приволжский федеральный округ,49.3,0.226,0.293,2015-01-01,"Росстат, средства размещения по субъектам (S21)"
Республика Марий Эл,субъект,2016,2277,124941,Приволжский федеральный округ,54.9,0.23,0.286,2016-01-01,"Росстат, средства размещения по субъектам (S21)"
Республика Марий Эл,субъект,2017,2845,126930,Приволжский федеральный округ,44.6,0.206,0.322,2017-01-01,"Росстат, средства размещения по субъектам (S21)"
Республика Марий Эл,субъект,2018,2892,137063,Приволжский федеральный округ,47.4,0.192,0.296,2018-01-01,"Росстат, средства размещения по субъектам (S21)"
Республика Марий Эл,субъект,2019,2934,141855,Приволжский федеральный округ,48.3,0.187,0.296,2019-01-01,"Росстат, средства размещения по субъектам (S21)"
Республика Марий Эл,субъект,2020,2988,79114,Приволжский федеральный округ,26.5,0.167,0.306,2020-01-01,"Росстат, средства размещения по субъектам (S21)"
Республика Марий Эл,субъект,2021,2932,124148,Приволжский федеральный округ,42.3,0.187,0.285,2021-01-01,"Росстат, средства размещения по субъектам (S21)"
Республика Марий Эл,субъект,2022,3125,162601,Приволжский федеральный округ,52.0,0.222,0.295,2022-01-01,"Росстат, средства размещения по субъектам (S21)"
Республика Марий Эл,субъект,2023,3205,170382,Приволжский федеральный округ,53.2,0.204,0.287,2023-01-01,"Росстат, средства размещения по субъектам (S21)"
Республика Марий Эл,субъект,2024,3307,207947,Приволжский федеральный округ,62.9,0.231,0.287,2024-01-01,"Росстат, средства размещения по субъектам (S21)"
Республика Марий Эл,субъект,2025,3644,257874,Приволжский федеральный округ,70.8,0.28,0.293,2025-01-01,"Росстат, средства размещения по субъектам (S21)"
Республика Мордовия,субъект,2015,1890,101523,Приволжский федеральный округ,53.7,0.206,0.245,2015-01-01,"Росстат, средства размещения по субъектам (S21)"
Республика Мордовия,субъект,2016,1869,102981,Приволжский федеральный округ,55.1,0.189,0.235,2016-01-01,"Росстат, средства размещения по субъектам (S21)"
Республика Мордовия,субъект,2017,2350,116489,Приволжский федеральный округ,49.6,0.189,0.266,2017-01-01,"Росстат, средства размещения по субъектам (S21)"
Республика Мордовия,субъект,2018,3210,136565,Приволжский федеральный округ,42.5,0.191,0.329,2018-01-01,"Росстат, средства размещения по субъектам (S21)"
Республика Мордовия,субъект,2019,2799,150365,Приволжский федеральный округ,53.7,0.198,0.282,2019-01-01,"Росстат, средства размещения по субъектам (S21)"
Республика Мордовия,субъект,2020,2402,82370,Приволжский федеральный округ,34.3,0.174,0.246,2020-01-01,"Росстат, средства размещения по субъектам (S21)"
Республика Мордовия,субъект,2021,2533,130494,Приволжский федеральный округ,51.5,0.196,0.247,2021-01-01,"Росстат, средства размещения по субъектам (S21)"
Республика Мордовия,субъект,2022,2449,149829,Приволжский федеральный округ,61.2,0.205,0.231,2022-01-01,"Росстат, средства размещения по субъектам (S21)"
Республика Мордовия,субъект,2023,2344,159606,Приволжский федеральный округ,68.1,0.191,0.21,2023-01-01,"Росстат, средства размещения по субъектам (S21)"
Республика Мордовия,субъект,2024,2797,173207,Приволжский федеральный округ,61.9,0.192,0.243,2024-01-01,"Росстат, средства размещения по субъектам (S21)"
Республика Мордовия,субъект,2025,3133,196290,Приволжский федеральный округ,62.7,0.213,0.252,2025-01-01,"Росстат, средства размещения по субъектам (S21)"
Республика Татарстан,субъект,2015,16808,1782455,Приволжский федеральный округ,106.0,3.617,2.182,2015-01-01,"Росстат, средства размещения по субъектам (S21)"
Республика Татарстан,субъект,2016,17556,1861237,Приволжский федеральный округ,106.0,3.419,2.209,2016-01-01,"Росстат, средства размещения по субъектам (S21)"
Республика Татарстан,субъект,2017,23056,2096003,Приволжский федеральный округ,90.9,3.405,2.607,2017-01-01,"Росстат, средства размещения по субъектам (S21)"
Республика Татарстан,субъект,2018,25095,2258117,Приволжский федеральный округ,90.0,3.157,2.572,2018-01-01,"Росстат, средства размещения по субъектам (S21)"
Республика Татарстан,субъект,2019,24282,2335071,Приволжский федеральный округ,96.2,3.071,2.446,2019-01-01,"Росстат, средства размещения по субъектам (S21)"
Республика Татарстан,субъект,2020,21829,1449390,Приволжский федеральный округ,66.4,3.059,2.233,2020-01-01,"Росстат, средства размещения по субъектам (S21)"
Республика Татарстан,субъект,2021,22241,2122600,Приволжский федеральный округ,95.4,3.19,2.166,2021-01-01,"Росстат, средства размещения по субъектам (S21)"
Республика Татарстан,субъект,2022,25323,2607936,Приволжский федеральный округ,103.0,3.568,2.392,2022-01-01,"Росстат, средства размещения по субъектам (S21)"
Республика Татарстан,субъект,2023,27079,2756805,Приволжский федеральный округ,101.8,3.298,2.423,2023-01-01,"Росстат, средства размещения по субъектам (S21)"
Республика Татарстан,субъект,2024,27494,2760369,Приволжский федеральный округ,100.4,3.065,2.387,2024-01-01,"Росстат, средства размещения по субъектам (S21)"
Республика Татарстан,субъект,2025,31819,2943367,Приволжский федеральный округ,92.5,3.198,2.562,2025-01-01,"Росстат, средства размещения по субъектам (S21)"
Удмуртская Республика,субъект,2015,4060,264997,Приволжский федеральный округ,65.3,0.538,0.527,2015-01-01,"Росстат, средства размещения по субъектам (S21)"
Удмуртская Республика,субъект,2016,3995,266957,Приволжский федеральный округ,66.8,0.49,0.503,2016-01-01,"Росстат, средства размещения по субъектам (S21)"
Удмуртская Республика,субъект,2017,4578,284580,Приволжский федеральный округ,62.2,0.462,0.518,2017-01-01,"Росстат, средства размещения по субъектам (S21)"
Удмуртская Республика,субъект,2018,5137,358867,Приволжский федеральный округ,69.9,0.502,0.527,2018-01-01,"Росстат, средства размещения по субъектам (S21)"
Удмуртская Республика,субъект,2019,5257,410075,Приволжский федеральный округ,78.0,0.539,0.53,2019-01-01,"Росстат, средства размещения по субъектам (S21)"
Удмуртская Республика,субъект,2020,5334,270789,Приволжский федеральный округ,50.8,0.571,0.546,2020-01-01,"Росстат, средства размещения по субъектам (S21)"
Удмуртская Республика,субъект,2021,5489,383774,Приволжский федеральный округ,69.9,0.577,0.534,2021-01-01,"Росстат, средства размещения по субъектам (S21)"
Удмуртская Республика,субъект,2022,5421,460428,Приволжский федеральный округ,84.9,0.63,0.512,2022-01-01,"Росстат, средства размещения по субъектам (S21)"
Удмуртская Республика,субъект,2023,5424,499092,Приволжский федеральный округ,92.0,0.597,0.485,2023-01-01,"Росстат, средства размещения по субъектам (S21)"
Удмуртская Республика,субъект,2024,5529,532214,Приволжский федеральный округ,96.3,0.591,0.48,2024-01-01,"Росстат, средства размещения по субъектам (S21)"
Удмуртская Республика,субъект,2025,5926,600341,Приволжский федеральный округ,101.3,0.652,0.477,2025-01-01,"Росстат, средства размещения по субъектам (S21)"
Чувашская Республика,субъект,2015,3456,237083,Приволжский федеральный округ,68.6,0.481,0.449,2015-01-01,"Росстат, средства размещения по субъектам (S21)"
Чувашская Республика,субъект,2016,3513,268743,Приволжский федеральный округ,76.5,0.494,0.442,2016-01-01,"Росстат, средства размещения по субъектам (S21)"
Чувашская Республика,субъект,2017,4709,279365,Приволжский федеральный округ,59.3,0.454,0.533,2017-01-01,"Росстат, средства размещения по субъектам (S21)"
Чувашская Республика,субъект,2018,4515,274661,Приволжский федеральный округ,60.8,0.384,0.463,2018-01-01,"Росстат, средства размещения по субъектам (S21)"
Чувашская Республика,субъект,2019,4514,305615,Приволжский федеральный округ,67.7,0.402,0.455,2019-01-01,"Росстат, средства размещения по субъектам (S21)"
Чувашская Республика,субъект,2020,4457,188580,Приволжский федеральный округ,42.3,0.398,0.456,2020-01-01,"Росстат, средства размещения по субъектам (S21)"
Чувашская Республика,субъект,2021,4385,313244,Приволжский федеральный округ,71.4,0.471,0.427,2021-01-01,"Росстат, средства размещения по субъектам (S21)"
Чувашская Республика,субъект,2022,4572,341575,Приволжский федеральный округ,74.7,0.467,0.432,2022-01-01,"Росстат, средства размещения по субъектам (S21)"
Чувашская Республика,субъект,2023,4591,375365,Приволжский федеральный округ,81.8,0.449,0.411,2023-01-01,"Росстат, средства размещения по субъектам (S21)"
Чувашская Республика,субъект,2024,4578,369236,Приволжский федеральный округ,80.7,0.41,0.397,2024-01-01,"Росстат, средства размещения по субъектам (S21)"
Чувашская Республика,субъект,2025,5234,397803,Приволжский федеральный округ,76.0,0.432,0.421,2025-01-01,"Росстат, средства размещения по субъектам (S21)"
Пермский край,субъект,2015,11034,642403,Приволжский федеральный округ,58.2,1.303,1.432,2015-01-01,"Росстат, средства размещения по субъектам (S21)"
Пермский край,субъект,2016,9736,661675,Приволжский федеральный округ,68.0,1.216,1.225,2016-01-01,"Росстат, средства размещения по субъектам (S21)"
Пермский край,субъект,2017,12060,662950,Приволжский федеральный округ,55.0,1.077,1.364,2017-01-01,"Росстат, средства размещения по субъектам (S21)"
Пермский край,субъект,2018,11879,737857,Приволжский федеральный округ,62.1,1.031,1.218,2018-01-01,"Росстат, средства размещения по субъектам (S21)"
Пермский край,субъект,2019,11586,753971,Приволжский федеральный округ,65.1,0.992,1.167,2019-01-01,"Росстат, средства размещения по субъектам (S21)"
Пермский край,субъект,2020,11615,486448,Приволжский федеральный округ,41.9,1.027,1.188,2020-01-01,"Росстат, средства размещения по субъектам (S21)"
Пермский край,субъект,2021,11697,725543,Приволжский федеральный округ,62.0,1.09,1.139,2021-01-01,"Росстат, средства размещения по субъектам (S21)"
Пермский край,субъект,2022,12485,818520,Приволжский федеральный округ,65.6,1.12,1.179,2022-01-01,"Росстат, средства размещения по субъектам (S21)"
Пермский край,субъект,2023,12362,923039,Приволжский федеральный округ,74.7,1.104,1.106,2023-01-01,"Росстат, средства размещения по субъектам (S21)"
Пермский край,субъект,2024,12401,967047,Приволжский федеральный округ,78.0,1.074,1.077,2024-01-01,"Росстат, средства размещения по субъектам (S21)"
Пермский край,субъект,2025,13019,1005696,Приволжский федеральный округ,77.2,1.093,1.048,2025-01-01,"Росстат, средства размещения по субъектам (S21)"
Кировская область,субъект,2015,4219,248904,Приволжский федеральный округ,59.0,0.505,0.548,2015-01-01,"Росстат, средства размещения по субъектам (S21)"
Кировская область,субъект,2016,4459,299698,Приволжский федеральный округ,67.2,0.551,0.561,2016-01-01,"Росстат, средства размещения по субъектам (S21)"
Кировская область,субъект,2017,4469,285380,Приволжский федеральный округ,63.9,0.464,0.505,2017-01-01,"Росстат, средства размещения по субъектам (S21)"
Кировская область,субъект,2018,5511,310897,Приволжский федеральный округ,56.4,0.435,0.565,2018-01-01,"Росстат, средства размещения по субъектам (S21)"
Кировская область,субъект,2019,5526,318523,Приволжский федеральный округ,57.6,0.419,0.557,2019-01-01,"Росстат, средства размещения по субъектам (S21)"
Кировская область,субъект,2020,5492,213864,Приволжский федеральный округ,38.9,0.451,0.562,2020-01-01,"Росстат, средства размещения по субъектам (S21)"
Кировская область,субъект,2021,5454,333292,Приволжский федеральный округ,61.1,0.501,0.531,2021-01-01,"Росстат, средства размещения по субъектам (S21)"
Кировская область,субъект,2022,5475,367737,Приволжский федеральный округ,67.2,0.503,0.517,2022-01-01,"Росстат, средства размещения по субъектам (S21)"
Кировская область,субъект,2023,5284,406133,Приволжский федеральный округ,76.9,0.486,0.473,2023-01-01,"Росстат, средства размещения по субъектам (S21)"
Кировская область,субъект,2024,5563,423993,Приволжский федеральный округ,76.2,0.471,0.483,2024-01-01,"Росстат, средства размещения по субъектам (S21)"
Кировская область,субъект,2025,5684,437412,Приволжский федеральный округ,77.0,0.475,0.458,2025-01-01,"Росстат, средства размещения по субъектам (S21)"
Нижегородская область,субъект,2015,13796,1089348,Приволжский федеральный округ,79.0,2.21,1.791,2015-01-01,"Росстат, средства размещения по субъектам (S21)"
Нижегородская область,субъект,2016,12869,974906,Приволжский федеральный округ,75.8,1.791,1.619,2016-01-01,"Росстат, средства размещения по субъектам (S21)"
Нижегородская область,субъект,2017,15372,1066906,Приволжский федеральный округ,69.4,1.733,1.738,2017-01-01,"Росстат, средства размещения по субъектам (S21)"
Нижегородская область,субъект,2018,16319,1186610,Приволжский федеральный округ,72.7,1.659,1.673,2018-01-01,"Росстат, средства размещения по субъектам (S21)"
Нижегородская область,субъект,2019,16292,1269382,Приволжский федеральный округ,77.9,1.669,1.641,2019-01-01,"Росстат, средства размещения по субъектам (S21)"
Нижегородская область,субъект,2020,16126,754987,Приволжский федеральный округ,46.8,1.593,1.65,2020-01-01,"Росстат, средства размещения по субъектам (S21)"
Нижегородская область,субъект,2021,16688,1442445,Приволжский федеральный округ,86.4,2.168,1.625,2021-01-01,"Росстат, средства размещения по субъектам (S21)"
Нижегородская область,субъект,2022,17168,1445281,Приволжский федеральный округ,84.2,1.977,1.622,2022-01-01,"Росстат, средства размещения по субъектам (S21)"
Нижегородская область,субъект,2023,17778,1593035,Приволжский федеральный округ,89.6,1.906,1.591,2023-01-01,"Росстат, средства размещения по субъектам (S21)"
Нижегородская область,субъект,2024,18507,1811930,Приволжский федеральный округ,97.9,2.012,1.607,2024-01-01,"Росстат, средства размещения по субъектам (S21)"
Нижегородская область,субъект,2025,20127,1914169,Приволжский федеральный округ,95.1,2.08,1.62,2025-01-01,"Росстат, средства размещения по субъектам (S21)"
Оренбургская область,субъект,2015,5902,372745,Приволжский федеральный округ,63.2,0.756,0.766,2015-01-01,"Росстат, средства размещения по субъектам (S21)"
Оренбургская область,субъект,2016,5298,341286,Приволжский федеральный округ,64.4,0.627,0.667,2016-01-01,"Росстат, средства размещения по субъектам (S21)"
Оренбургская область,субъект,2017,6628,370995,Приволжский федеральный округ,56.0,0.603,0.75,2017-01-01,"Росстат, средства размещения по субъектам (S21)"
Оренбургская область,субъект,2018,6815,373446,Приволжский федеральный округ,54.8,0.522,0.699,2018-01-01,"Росстат, средства размещения по субъектам (S21)"
Оренбургская область,субъект,2019,6974,407783,Приволжский федеральный округ,58.5,0.536,0.703,2019-01-01,"Росстат, средства размещения по субъектам (S21)"
Оренбургская область,субъект,2020,6905,237744,Приволжский федеральный округ,34.4,0.502,0.706,2020-01-01,"Росстат, средства размещения по субъектам (S21)"
Оренбургская область,субъект,2021,6394,338278,Приволжский федеральный округ,52.9,0.508,0.623,2021-01-01,"Росстат, средства размещения по субъектам (S21)"
Оренбургская область,субъект,2022,6798,378476,Приволжский федеральный округ,55.7,0.518,0.642,2022-01-01,"Росстат, средства размещения по субъектам (S21)"
Оренбургская область,субъект,2023,6918,427159,Приволжский федеральный округ,61.7,0.511,0.619,2023-01-01,"Росстат, средства размещения по субъектам (S21)"
Оренбургская область,субъект,2024,6841,470353,Приволжский федеральный округ,68.8,0.522,0.594,2024-01-01,"Росстат, средства размещения по субъектам (S21)"
Оренбургская область,субъект,2025,7670,546157,Приволжский федеральный округ,71.2,0.593,0.618,2025-01-01,"Росстат, средства размещения по субъектам (S21)"
Пензенская область,субъект,2015,2854,136853,Приволжский федеральный округ,48.0,0.278,0.37,2015-01-01,"Росстат, средства размещения по субъектам (S21)"
Пензенская область,субъект,2016,3468,200503,Приволжский федеральный округ,57.8,0.368,0.436,2016-01-01,"Росстат, средства размещения по субъектам (S21)"
Пензенская область,субъект,2017,3860,215232,Приволжский федеральный округ,55.8,0.35,0.437,2017-01-01,"Росстат, средства размещения по субъектам (S21)"
Пензенская область,субъект,2018,3718,208315,Приволжский федеральный округ,56.0,0.291,0.381,2018-01-01,"Росстат, средства размещения по субъектам (S21)"
Пензенская область,субъект,2019,4431,295266,Приволжский федеральный округ,66.6,0.388,0.446,2019-01-01,"Росстат, средства размещения по субъектам (S21)"
Пензенская область,субъект,2020,4140,195288,Приволжский федеральный округ,47.2,0.412,0.424,2020-01-01,"Росстат, средства размещения по субъектам (S21)"
Пензенская область,субъект,2021,4331,243353,Приволжский федеральный округ,56.2,0.366,0.422,2021-01-01,"Росстат, средства размещения по субъектам (S21)"
Пензенская область,субъект,2022,4882,294320,Приволжский федеральный округ,60.3,0.403,0.461,2022-01-01,"Росстат, средства размещения по субъектам (S21)"
Пензенская область,субъект,2023,4611,353210,Приволжский федеральный округ,76.6,0.423,0.413,2023-01-01,"Росстат, средства размещения по субъектам (S21)"
Пензенская область,субъект,2024,4821,366536,Приволжский федеральный округ,76.0,0.407,0.419,2024-01-01,"Росстат, средства размещения по субъектам (S21)"
Пензенская область,субъект,2025,5259,344212,Приволжский федеральный округ,65.5,0.374,0.423,2025-01-01,"Росстат, средства размещения по субъектам (S21)"
Самарская область,субъект,2015,13317,662323,Приволжский федеральный округ,49.7,1.344,1.729,2015-01-01,"Росстат, средства размещения по субъектам (S21)"
Самарская область,субъект,2016,13960,698808,Приволжский федеральный округ,50.1,1.284,1.756,2016-01-01,"Росстат, средства размещения по субъектам (S21)"
Самарская область,субъект,2017,17061,873129,Приволжский федеральный округ,51.2,1.418,1.929,2017-01-01,"Росстат, средства размещения по субъектам (S21)"
Самарская область,субъект,2018,17708,990143,Приволжский федеральный округ,55.9,1.384,1.815,2018-01-01,"Росстат, средства размещения по субъектам (S21)"
Самарская область,субъект,2019,17790,1018820,Приволжский федеральный округ,57.3,1.34,1.792,2019-01-01,"Росстат, средства размещения по субъектам (S21)"
Самарская область,субъект,2020,18400,722049,Приволжский федеральный округ,39.2,1.524,1.883,2020-01-01,"Росстат, средства размещения по субъектам (S21)"
Самарская область,субъект,2021,18479,911992,Приволжский федеральный округ,49.4,1.371,1.799,2021-01-01,"Росстат, средства размещения по субъектам (S21)"
Самарская область,субъект,2022,18492,1048474,Приволжский федеральный округ,56.7,1.434,1.747,2022-01-01,"Росстат, средства размещения по субъектам (S21)"
Самарская область,субъект,2023,17380,1186755,Приволжский федеральный округ,68.3,1.42,1.555,2023-01-01,"Росстат, средства размещения по субъектам (S21)"
Самарская область,субъект,2024,18416,1373060,Приволжский федеральный округ,74.6,1.524,1.599,2024-01-01,"Росстат, средства размещения по субъектам (S21)"
Самарская область,субъект,2025,18745,1340041,Приволжский федеральный округ,71.5,1.456,1.509,2025-01-01,"Росстат, средства размещения по субъектам (S21)"
Саратовская область,субъект,2015,7095,329067,Приволжский федеральный округ,46.4,0.668,0.921,2015-01-01,"Росстат, средства размещения по субъектам (S21)"
Саратовская область,субъект,2016,6854,332815,Приволжский федеральный округ,48.6,0.611,0.862,2016-01-01,"Росстат, средства размещения по субъектам (S21)"
Саратовская область,субъект,2017,8822,436066,Приволжский федеральный округ,49.4,0.708,0.998,2017-01-01,"Росстат, средства размещения по субъектам (S21)"
Саратовская область,субъект,2018,9032,399114,Приволжский федеральный округ,44.2,0.558,0.926,2018-01-01,"Росстат, средства размещения по субъектам (S21)"
Саратовская область,субъект,2019,9503,484434,Приволжский федеральный округ,51.0,0.637,0.957,2019-01-01,"Росстат, средства размещения по субъектам (S21)"
Саратовская область,субъект,2020,8955,349865,Приволжский федеральный округ,39.1,0.738,0.916,2020-01-01,"Росстат, средства размещения по субъектам (S21)"
Саратовская область,субъект,2021,9552,544007,Приволжский федеральный округ,57.0,0.818,0.93,2021-01-01,"Росстат, средства размещения по субъектам (S21)"
Саратовская область,субъект,2022,9501,625580,Приволжский федеральный округ,65.8,0.856,0.897,2022-01-01,"Росстат, средства размещения по субъектам (S21)"
Саратовская область,субъект,2023,9453,632857,Приволжский федеральный округ,66.9,0.757,0.846,2023-01-01,"Росстат, средства размещения по субъектам (S21)"
Саратовская область,субъект,2024,9668,681760,Приволжский федеральный округ,70.5,0.757,0.839,2024-01-01,"Росстат, средства размещения по субъектам (S21)"
Саратовская область,субъект,2025,10238,723864,Приволжский федеральный округ,70.7,0.786,0.824,2025-01-01,"Росстат, средства размещения по субъектам (S21)"
Ульяновская область,субъект,2015,5073,224717,Приволжский федеральный округ,44.3,0.456,0.659,2015-01-01,"Росстат, средства размещения по субъектам (S21)"
Ульяновская область,субъект,2016,4309,242471,Приволжский федеральный округ,56.3,0.445,0.542,2016-01-01,"Росстат, средства размещения по субъектам (S21)"
Ульяновская область,субъект,2017,5401,313158,Приволжский федеральный округ,58.0,0.509,0.611,2017-01-01,"Росстат, средства размещения по субъектам (S21)"
Ульяновская область,субъект,2018,5647,358016,Приволжский федеральный округ,63.4,0.5,0.579,2018-01-01,"Росстат, средства размещения по субъектам (S21)"
Ульяновская область,субъект,2019,5433,397160,Приволжский федеральный округ,73.1,0.522,0.547,2019-01-01,"Росстат, средства размещения по субъектам (S21)"
Ульяновская область,субъект,2020,6235,280778,Приволжский федеральный округ,45.0,0.593,0.638,2020-01-01,"Росстат, средства размещения по субъектам (S21)"
Ульяновская область,субъект,2021,6003,355102,Приволжский федеральный округ,59.2,0.534,0.585,2021-01-01,"Росстат, средства размещения по субъектам (S21)"
Ульяновская область,субъект,2022,6340,324457,Приволжский федеральный округ,51.2,0.444,0.599,2022-01-01,"Росстат, средства размещения по субъектам (S21)"
Ульяновская область,субъект,2023,6151,431926,Приволжский федеральный округ,70.2,0.517,0.55,2023-01-01,"Росстат, средства размещения по субъектам (S21)"
Ульяновская область,субъект,2024,6082,471163,Приволжский федеральный округ,77.5,0.523,0.528,2024-01-01,"Росстат, средства размещения по субъектам (S21)"
Ульяновская область,субъект,2025,6460,460838,Приволжский федеральный округ,71.3,0.501,0.52,2025-01-01,"Росстат, средства размещения по субъектам (S21)"
Уральский федеральный округ,федеральный округ,2015,48594,3212244,Уральский федеральный округ,66.1,6.518,6.308,2015-01-01,"Росстат, средства размещения по субъектам (S21)"
Уральский федеральный округ,федеральный округ,2016,48653,3552669,Уральский федеральный округ,73.0,6.527,6.122,2016-01-01,"Росстат, средства размещения по субъектам (S21)"
Уральский федеральный округ,федеральный округ,2017,54124,3810877,Уральский федеральный округ,70.4,6.19,6.121,2017-01-01,"Росстат, средства размещения по субъектам (S21)"
Уральский федеральный округ,федеральный округ,2018,55631,4212135,Уральский федеральный округ,75.7,5.888,5.702,2018-01-01,"Росстат, средства размещения по субъектам (S21)"
Уральский федеральный округ,федеральный округ,2019,57575,4445120,Уральский федеральный округ,77.2,5.846,5.8,2019-01-01,"Росстат, средства размещения по субъектам (S21)"
Уральский федеральный округ,федеральный округ,2020,58770,2846367,Уральский федеральный округ,48.4,6.007,6.013,2020-01-01,"Росстат, средства размещения по субъектам (S21)"
Уральский федеральный округ,федеральный округ,2021,60401,4230042,Уральский федеральный округ,70.0,6.357,5.881,2021-01-01,"Росстат, средства размещения по субъектам (S21)"
Уральский федеральный округ,федеральный округ,2022,61807,4721152,Уральский федеральный округ,76.4,6.459,5.838,2022-01-01,"Росстат, средства размещения по субъектам (S21)"
Уральский федеральный округ,федеральный округ,2023,64122,5709121,Уральский федеральный округ,89.0,6.831,5.738,2023-01-01,"Росстат, средства размещения по субъектам (S21)"
Уральский федеральный округ,федеральный округ,2024,64654,5874449,Уральский федеральный округ,90.9,6.522,5.614,2024-01-01,"Росстат, средства размещения по субъектам (S21)"
Уральский федеральный округ,федеральный округ,2025,69565,6204049,Уральский федеральный округ,89.2,6.74,5.601,2025-01-01,"Росстат, средства размещения по субъектам (S21)"
Курганская область,субъект,2015,2616,148608,Уральский федеральный округ,56.8,0.302,0.34,2015-01-01,"Росстат, средства размещения по субъектам (S21)"
Курганская область,субъект,2016,2646,164083,Уральский федеральный округ,62.0,0.301,0.333,2016-01-01,"Росстат, средства размещения по субъектам (S21)"
Курганская область,субъект,2017,3104,141363,Уральский федеральный округ,45.5,0.23,0.351,2017-01-01,"Росстат, средства размещения по субъектам (S21)"
Курганская область,субъект,2018,3133,156496,Уральский федеральный округ,50.0,0.219,0.321,2018-01-01,"Росстат, средства размещения по субъектам (S21)"
Курганская область,субъект,2019,3226,174240,Уральский федеральный округ,54.0,0.229,0.325,2019-01-01,"Росстат, средства размещения по субъектам (S21)"
Курганская область,субъект,2020,2987,114726,Уральский федеральный округ,38.4,0.242,0.306,2020-01-01,"Росстат, средства размещения по субъектам (S21)"
Курганская область,субъект,2021,2886,159908,Уральский федеральный округ,55.4,0.24,0.281,2021-01-01,"Росстат, средства размещения по субъектам (S21)"
Курганская область,субъект,2022,3368,196327,Уральский федеральный округ,58.3,0.269,0.318,2022-01-01,"Росстат, средства размещения по субъектам (S21)"
Курганская область,субъект,2023,3604,243831,Уральский федеральный округ,67.7,0.292,0.323,2023-01-01,"Росстат, средства размещения по субъектам (S21)"
Курганская область,субъект,2024,3772,300508,Уральский федеральный округ,79.7,0.334,0.328,2024-01-01,"Росстат, средства размещения по субъектам (S21)"
Курганская область,субъект,2025,3750,308484,Уральский федеральный округ,82.3,0.335,0.302,2025-01-01,"Росстат, средства размещения по субъектам (S21)"
Свердловская область,субъект,2015,15494,1159995,Уральский федеральный округ,74.9,2.354,2.011,2015-01-01,"Росстат, средства размещения по субъектам (S21)"
Свердловская область,субъект,2016,15362,1344586,Уральский федеральный округ,87.5,2.47,1.933,2016-01-01,"Росстат, средства размещения по субъектам (S21)"
Свердловская область,субъект,2017,17057,1354938,Уральский федеральный округ,79.4,2.201,1.929,2017-01-01,"Росстат, средства размещения по субъектам (S21)"
Свердловская область,субъект,2018,18259,1535447,Уральский федеральный округ,84.1,2.146,1.871,2018-01-01,"Росстат, средства размещения по субъектам (S21)"
Свердловская область,субъект,2019,18599,1623520,Уральский федеральный округ,87.3,2.135,1.874,2019-01-01,"Росстат, средства размещения по субъектам (S21)"
Свердловская область,субъект,2020,18768,974715,Уральский федеральный округ,51.9,2.057,1.92,2020-01-01,"Росстат, средства размещения по субъектам (S21)"
Свердловская область,субъект,2021,19446,1538717,Уральский федеральный округ,79.1,2.312,1.893,2021-01-01,"Росстат, средства размещения по субъектам (S21)"
Свердловская область,субъект,2022,19505,1607781,Уральский федеральный округ,82.4,2.2,1.842,2022-01-01,"Росстат, средства размещения по субъектам (S21)"
Свердловская область,субъект,2023,20059,2082554,Уральский федеральный округ,103.8,2.492,1.795,2023-01-01,"Росстат, средства размещения по субъектам (S21)"
Свердловская область,субъект,2024,20650,2051909,Уральский федеральный округ,99.4,2.278,1.793,2024-01-01,"Росстат, средства размещения по субъектам (S21)"
Свердловская область,субъект,2025,23164,2115146,Уральский федеральный округ,91.3,2.298,1.865,2025-01-01,"Росстат, средства размещения по субъектам (S21)"
Тюменская область,субъект,2015,15814,1054358,Уральский федеральный округ,66.7,2.139,2.053,2015-01-01,"Росстат, средства размещения по субъектам (S21)"
Тюменская область,субъект,2016,16200,1222803,Уральский федеральный округ,75.5,2.247,2.038,2016-01-01,"Росстат, средства размещения по субъектам (S21)"
Тюменская область,субъект,2017,16936,1384028,Уральский федеральный округ,81.7,2.248,1.915,2017-01-01,"Росстат, средства размещения по субъектам (S21)"
Тюменская область,субъект,2018,17255,1535385,Уральский федеральный округ,89.0,2.146,1.769,2018-01-01,"Росстат, средства размещения по субъектам (S21)"
Тюменская область,субъект,2019,17798,1656050,Уральский федеральный округ,93.0,2.178,1.793,2019-01-01,"Росстат, средства размещения по субъектам (S21)"
Тюменская область,субъект,2020,18051,1088253,Уральский федеральный округ,60.3,2.297,1.847,2020-01-01,"Росстат, средства размещения по субъектам (S21)"
Тюменская область,субъект,2021,18631,1485672,Уральский федеральный округ,79.7,2.233,1.814,2021-01-01,"Росстат, средства размещения по субъектам (S21)"
Тюменская область,субъект,2022,19562,1686489,Уральский федеральный округ,86.2,2.307,1.848,2022-01-01,"Росстат, средства размещения по субъектам (S21)"
Тюменская область,субъект,2023,20163,1982591,Уральский федеральный округ,98.3,2.372,1.804,2023-01-01,"Росстат, средства размещения по субъектам (S21)"
Тюменская область,субъект,2024,20069,2014145,Уральский федеральный округ,100.4,2.236,1.742,2024-01-01,"Росстат, средства размещения по субъектам (S21)"
Тюменская область,субъект,2025,21797,2217218,Уральский федеральный округ,101.7,2.409,1.755,2025-01-01,"Росстат, средства размещения по субъектам (S21)"
Ханты-Мансийский автономный округ - Югра,субъект,2015,6351,435365,Уральский федеральный округ,68.6,0.883,0.824,2015-01-01,"Росстат, средства размещения по субъектам (S21)"
Ханты-Мансийский автономный округ - Югра,субъект,2016,6419,525705,Уральский федеральный округ,81.9,0.966,0.808,2016-01-01,"Росстат, средства размещения по субъектам (S21)"
Ханты-Мансийский автономный округ - Югра,субъект,2017,6836,580419,Уральский федеральный округ,84.9,0.943,0.773,2017-01-01,"Росстат, средства размещения по субъектам (S21)"
Ханты-Мансийский автономный округ - Югра,субъект,2018,6464,595486,Уральский федеральный округ,92.1,0.832,0.663,2018-01-01,"Росстат, средства размещения по субъектам (S21)"
Ханты-Мансийский автономный округ - Югра,субъект,2019,6584,570877,Уральский федеральный округ,86.7,0.751,0.663,2019-01-01,"Росстат, средства размещения по субъектам (S21)"
Ханты-Мансийский автономный округ - Югра,субъект,2020,6448,359648,Уральский федеральный округ,55.8,0.759,0.66,2020-01-01,"Росстат, средства размещения по субъектам (S21)"
Ханты-Мансийский автономный округ - Югра,субъект,2021,6740,477052,Уральский федеральный округ,70.8,0.717,0.656,2021-01-01,"Росстат, средства размещения по субъектам (S21)"
Ханты-Мансийский автономный округ - Югра,субъект,2022,6849,556497,Уральский федеральный округ,81.3,0.761,0.647,2022-01-01,"Росстат, средства размещения по субъектам (S21)"
Ханты-Мансийский автономный округ - Югра,субъект,2023,7003,659722,Уральский федеральный округ,94.2,0.789,0.627,2023-01-01,"Росстат, средства размещения по субъектам (S21)"
Ханты-Мансийский автономный округ - Югра,субъект,2024,7020,703567,Уральский федеральный округ,100.2,0.781,0.61,2024-01-01,"Росстат, средства размещения по субъектам (S21)"
Ханты-Мансийский автономный округ - Югра,субъект,2025,7632,741674,Уральский федеральный округ,97.2,0.806,0.614,2025-01-01,"Росстат, средства размещения по субъектам (S21)"
Ямало-Ненецкий автономный округ,субъект,2015,1998,158887,Уральский федеральный округ,79.5,0.322,0.259,2015-01-01,"Росстат, средства размещения по субъектам (S21)"
Ямало-Ненецкий автономный округ,субъект,2016,1908,139718,Уральский федеральный округ,73.2,0.257,0.24,2016-01-01,"Росстат, средства размещения по субъектам (S21)"
Ямало-Ненецкий автономный округ,субъект,2017,1973,156157,Уральский федеральный округ,79.1,0.254,0.223,2017-01-01,"Росстат, средства размещения по субъектам (S21)"
Ямало-Ненецкий автономный округ,субъект,2018,2072,163501,Уральский федеральный округ,78.9,0.229,0.212,2018-01-01,"Росстат, средства размещения по субъектам (S21)"
Ямало-Ненецкий автономный округ,субъект,2019,2287,208076,Уральский федеральный округ,91.0,0.274,0.23,2019-01-01,"Росстат, средства размещения по субъектам (S21)"
Ямало-Ненецкий автономный округ,субъект,2020,2480,158070,Уральский федеральный округ,63.7,0.334,0.254,2020-01-01,"Росстат, средства размещения по субъектам (S21)"
Ямало-Ненецкий автономный округ,субъект,2021,2594,189246,Уральский федеральный округ,73.0,0.284,0.253,2021-01-01,"Росстат, средства размещения по субъектам (S21)"
Ямало-Ненецкий автономный округ,субъект,2022,3124,220105,Уральский федеральный округ,70.5,0.301,0.295,2022-01-01,"Росстат, средства размещения по субъектам (S21)"
Ямало-Ненецкий автономный округ,субъект,2023,3161,225829,Уральский федеральный округ,71.4,0.27,0.283,2023-01-01,"Росстат, средства размещения по субъектам (S21)"
Ямало-Ненецкий автономный округ,субъект,2024,3045,248459,Уральский федеральный округ,81.6,0.276,0.264,2024-01-01,"Росстат, средства размещения по субъектам (S21)"
Ямало-Ненецкий автономный округ,субъект,2025,3416,248941,Уральский федеральный округ,72.9,0.27,0.275,2025-01-01,"Росстат, средства размещения по субъектам (S21)"
Тюменская область (кроме Ханты-Мансийского автономного округа-Югры и Ямало-Ненецкого автономного округа),субъект,2015,7465,460106,Уральский федеральный округ,61.6,0.934,0.969,2015-01-01,"Росстат, средства размещения по субъектам (S21)"
Тюменская область (кроме Ханты-Мансийского автономного округа-Югры и Ямало-Ненецкого автономного округа),субъект,2016,7873,557380,Уральский федеральный округ,70.8,1.024,0.991,2016-01-01,"Росстат, средства размещения по субъектам (S21)"
Тюменская область (кроме Ханты-Мансийского автономного округа-Югры и Ямало-Ненецкого автономного округа),субъект,2017,8127,647452,Уральский федеральный округ,79.7,1.052,0.919,2017-01-01,"Росстат, средства размещения по субъектам (S21)"
Тюменская область (кроме Ханты-Мансийского автономного округа-Югры и Ямало-Ненецкого автономного округа),субъект,2018,8719,776398,Уральский федеральный округ,89.0,1.085,0.894,2018-01-01,"Росстат, средства размещения по субъектам (S21)"
Тюменская область (кроме Ханты-Мансийского автономного округа-Югры и Ямало-Ненецкого автономного округа),субъект,2019,8927,877097,Уральский федеральный округ,98.3,1.153,0.899,2019-01-01,"Росстат, средства размещения по субъектам (S21)"
Тюменская область (кроме Ханты-Мансийского автономного округа-Югры и Ямало-Ненецкого автономного округа),субъект,2020,9123,570535,Уральский федеральный округ,62.5,1.204,0.933,2020-01-01,"Росстат, средства размещения по субъектам (S21)"
Тюменская область (кроме Ханты-Мансийского автономного округа-Югры и Ямало-Ненецкого автономного округа),субъект,2021,9297,819374,Уральский федеральный округ,88.1,1.231,0.905,2021-01-01,"Росстат, средства размещения по субъектам (S21)"
Тюменская область (кроме Ханты-Мансийского автономного округа-Югры и Ямало-Ненецкого автономного округа),субъект,2022,9589,909887,Уральский федеральный округ,94.9,1.245,0.906,2022-01-01,"Росстат, средства размещения по субъектам (S21)"
Тюменская область (кроме Ханты-Мансийского автономного округа-Югры и Ямало-Ненецкого автономного округа),субъект,2023,9999,1097040,Уральский федеральный округ,109.7,1.313,0.895,2023-01-01,"Росстат, средства размещения по субъектам (S21)"
Тюменская область (кроме Ханты-Мансийского автономного округа-Югры и Ямало-Ненецкого автономного округа),субъект,2024,10004,1062119,Уральский федеральный округ,106.2,1.179,0.869,2024-01-01,"Росстат, средства размещения по субъектам (S21)"
Тюменская область (кроме Ханты-Мансийского автономного округа-Югры и Ямало-Ненецкого автономного округа),субъект,2025,10749,1226603,Уральский федеральный округ,114.1,1.333,0.865,2025-01-01,"Росстат, средства размещения по субъектам (S21)"
Челябинская область,субъект,2015,14670,849283,Уральский федеральный округ,57.9,1.723,1.904,2015-01-01,"Росстат, средства размещения по субъектам (S21)"
Челябинская область,субъект,2016,14445,821197,Уральский федеральный округ,56.8,1.509,1.817,2016-01-01,"Росстат, средства размещения по субъектам (S21)"
Челябинская область,субъект,2017,17027,930548,Уральский федеральный округ,54.7,1.512,1.926,2017-01-01,"Росстат, средства размещения по субъектам (S21)"
Челябинская область,субъект,2018,16984,984807,Уральский федеральный округ,58.0,1.377,1.741,2018-01-01,"Росстат, средства размещения по субъектам (S21)"
Челябинская область,субъект,2019,17952,991310,Уральский федеральный округ,55.2,1.304,1.809,2019-01-01,"Росстат, средства размещения по субъектам (S21)"
Челябинская область,субъект,2020,18964,668673,Уральский федеральный округ,35.3,1.411,1.94,2020-01-01,"Росстат, средства размещения по субъектам (S21)"
Челябинская область,субъект,2021,19438,1045745,Уральский федеральный округ,53.8,1.572,1.893,2021-01-01,"Росстат, средства размещения по субъектам (S21)"
Челябинская область,субъект,2022,19372,1230555,Уральский федеральный округ,63.5,1.684,1.83,2022-01-01,"Росстат, средства размещения по субъектам (S21)"
Челябинская область,субъект,2023,20296,1400145,Уральский федеральный округ,69.0,1.675,1.816,2023-01-01,"Росстат, средства размещения по субъектам (S21)"
Челябинская область,субъект,2024,20163,1507887,Уральский федеральный округ,74.8,1.674,1.751,2024-01-01,"Росстат, средства размещения по субъектам (S21)"
Челябинская область,субъект,2025,20854,1563201,Уральский федеральный округ,75.0,1.698,1.679,2025-01-01,"Росстат, средства размещения по субъектам (S21)"
Сибирский федеральный округ,федеральный округ,2015,66295,4298828,Сибирский федеральный округ,64.8,8.723,8.606,2015-01-01,"Росстат, средства размещения по субъектам (S21)"
Сибирский федеральный округ,федеральный округ,2016,61204,4143889,Сибирский федеральный округ,67.7,7.613,7.701,2016-01-01,"Росстат, средства размещения по субъектам (S21)"
Сибирский федеральный округ,федеральный округ,2017,71195,4631548,Сибирский федеральный округ,65.1,7.523,8.051,2017-01-01,"Росстат, средства размещения по субъектам (S21)"
Сибирский федеральный округ,федеральный округ,2018,76540,5234296,Сибирский федеральный округ,68.4,7.317,7.845,2018-01-01,"Росстат, средства размещения по субъектам (S21)"
Сибирский федеральный округ,федеральный округ,2019,77795,5485396,Сибирский федеральный округ,70.5,7.214,7.837,2019-01-01,"Росстат, средства размещения по субъектам (S21)"
Сибирский федеральный округ,федеральный округ,2020,78224,3567216,Сибирский федеральный округ,45.6,7.529,8.003,2020-01-01,"Росстат, средства размещения по субъектам (S21)"
Сибирский федеральный округ,федеральный округ,2021,83068,5354189,Сибирский федеральный округ,64.5,8.047,8.088,2021-01-01,"Росстат, средства размещения по субъектам (S21)"
Сибирский федеральный округ,федеральный округ,2022,85409,6111628,Сибирский федеральный округ,71.6,8.361,8.067,2022-01-01,"Росстат, средства размещения по субъектам (S21)"
Сибирский федеральный округ,федеральный округ,2023,88057,6964531,Сибирский федеральный округ,79.1,8.333,7.88,2023-01-01,"Росстат, средства размещения по субъектам (S21)"
Сибирский федеральный округ,федеральный округ,2024,93389,7848369,Сибирский федеральный округ,84.0,8.714,8.108,2024-01-01,"Росстат, средства размещения по субъектам (S21)"
Сибирский федеральный округ,федеральный округ,2025,106966,7976786,Сибирский федеральный округ,74.6,8.666,8.612,2025-01-01,"Росстат, средства размещения по субъектам (S21)"
Республика Алтай,субъект,2015,3097,183033,Сибирский федеральный округ,59.1,0.371,0.402,2015-01-01,"Росстат, средства размещения по субъектам (S21)"
Республика Алтай,субъект,2016,2926,208844,Сибирский федеральный округ,71.4,0.384,0.368,2016-01-01,"Росстат, средства размещения по субъектам (S21)"
Республика Алтай,субъект,2017,3186,164579,Сибирский федеральный округ,51.7,0.267,0.36,2017-01-01,"Росстат, средства размещения по субъектам (S21)"
Республика Алтай,субъект,2018,3907,200002,Сибирский федеральный округ,51.2,0.28,0.4,2018-01-01,"Росстат, средства размещения по субъектам (S21)"
Республика Алтай,субъект,2019,4136,227362,Сибирский федеральный округ,55.0,0.299,0.417,2019-01-01,"Росстат, средства размещения по субъектам (S21)"
Республика Алтай,субъект,2020,4278,149639,Сибирский федеральный округ,35.0,0.316,0.438,2020-01-01,"Росстат, средства размещения по субъектам (S21)"
Республика Алтай,субъект,2021,5000,279309,Сибирский федеральный округ,55.9,0.42,0.487,2021-01-01,"Росстат, средства размещения по субъектам (S21)"
Республика Алтай,субъект,2022,5793,345697,Сибирский федеральный округ,59.7,0.473,0.547,2022-01-01,"Росстат, средства размещения по субъектам (S21)"
Республика Алтай,субъект,2023,6956,447301,Сибирский федеральный округ,64.3,0.535,0.623,2023-01-01,"Росстат, средства размещения по субъектам (S21)"
Республика Алтай,субъект,2024,8203,550457,Сибирский федеральный округ,67.1,0.611,0.712,2024-01-01,"Росстат, средства размещения по субъектам (S21)"
Республика Алтай,субъект,2025,11614,634100,Сибирский федеральный округ,54.6,0.689,0.935,2025-01-01,"Росстат, средства размещения по субъектам (S21)"
Республика Тыва,субъект,2015,872,35205,Сибирский федеральный округ,40.4,0.071,0.113,2015-01-01,"Росстат, средства размещения по субъектам (S21)"
Республика Тыва,субъект,2016,701,31339,Сибирский федеральный округ,44.7,0.058,0.088,2016-01-01,"Росстат, средства размещения по субъектам (S21)"
Республика Тыва,субъект,2017,939,35738,Сибирский федеральный округ,38.1,0.058,0.106,2017-01-01,"Росстат, средства размещения по субъектам (S21)"
Республика Тыва,субъект,2018,1130,37373,Сибирский федеральный округ,33.1,0.052,0.116,2018-01-01,"Росстат, средства размещения по субъектам (S21)"
Республика Тыва,субъект,2019,1141,40853,Сибирский федеральный округ,35.8,0.054,0.115,2019-01-01,"Росстат, средства размещения по субъектам (S21)"
Республика Тыва,субъект,2020,1259,34584,Сибирский федеральный округ,27.5,0.073,0.129,2020-01-01,"Росстат, средства размещения по субъектам (S21)"
Республика Тыва,субъект,2021,1274,39754,Сибирский федеральный округ,31.2,0.06,0.124,2021-01-01,"Росстат, средства размещения по субъектам (S21)"
Республика Тыва,субъект,2022,1193,55169,Сибирский федеральный округ,46.2,0.075,0.113,2022-01-01,"Росстат, средства размещения по субъектам (S21)"
Республика Тыва,субъект,2023,1230,59932,Сибирский федеральный округ,48.7,0.072,0.11,2023-01-01,"Росстат, средства размещения по субъектам (S21)"
Республика Тыва,субъект,2024,1396,68562,Сибирский федеральный округ,49.1,0.076,0.121,2024-01-01,"Росстат, средства размещения по субъектам (S21)"
Республика Тыва,субъект,2025,1546,74483,Сибирский федеральный округ,48.2,0.081,0.124,2025-01-01,"Росстат, средства размещения по субъектам (S21)"
Республика Хакасия,субъект,2015,5076,157032,Сибирский федеральный округ,30.9,0.319,0.659,2015-01-01,"Росстат, средства размещения по субъектам (S21)"
Республика Хакасия,субъект,2016,2728,99319,Сибирский федеральный округ,36.4,0.182,0.343,2016-01-01,"Росстат, средства размещения по субъектам (S21)"
Республика Хакасия,субъект,2017,2917,114953,Сибирский федеральный округ,39.4,0.187,0.33,2017-01-01,"Росстат, средства размещения по субъектам (S21)"
Республика Хакасия,субъект,2018,3315,168749,Сибирский федеральный округ,50.9,0.236,0.34,2018-01-01,"Росстат, средства размещения по субъектам (S21)"
Республика Хакасия,субъект,2019,3258,187892,Сибирский федеральный округ,57.7,0.247,0.328,2019-01-01,"Росстат, средства размещения по субъектам (S21)"
Республика Хакасия,субъект,2020,2965,108309,Сибирский федеральный округ,36.5,0.229,0.303,2020-01-01,"Росстат, средства размещения по субъектам (S21)"
Республика Хакасия,субъект,2021,3051,130591,Сибирский федеральный округ,42.8,0.196,0.297,2021-01-01,"Росстат, средства размещения по субъектам (S21)"
Республика Хакасия,субъект,2022,3566,180492,Сибирский федеральный округ,50.6,0.247,0.337,2022-01-01,"Росстат, средства размещения по субъектам (S21)"
Республика Хакасия,субъект,2023,3377,221152,Сибирский федеральный округ,65.5,0.265,0.302,2023-01-01,"Росстат, средства размещения по субъектам (S21)"
Республика Хакасия,субъект,2024,3588,240541,Сибирский федеральный округ,67.0,0.267,0.312,2024-01-01,"Росстат, средства размещения по субъектам (S21)"
Республика Хакасия,субъект,2025,4007,240678,Сибирский федеральный округ,60.1,0.261,0.323,2025-01-01,"Росстат, средства размещения по субъектам (S21)"
Алтайский край,субъект,2015,10084,660939,Сибирский федеральный округ,65.5,1.341,1.309,2015-01-01,"Росстат, средства размещения по субъектам (S21)"
Алтайский край,субъект,2016,9870,610676,Сибирский федеральный округ,61.9,1.122,1.242,2016-01-01,"Росстат, средства размещения по субъектам (S21)"
Алтайский край,субъект,2017,12364,694212,Сибирский федеральный округ,56.1,1.128,1.398,2017-01-01,"Росстат, средства размещения по субъектам (S21)"
Алтайский край,субъект,2018,12357,690596,Сибирский федеральный округ,55.9,0.965,1.267,2018-01-01,"Росстат, средства размещения по субъектам (S21)"
Алтайский край,субъект,2019,12868,726995,Сибирский федеральный округ,56.5,0.956,1.296,2019-01-01,"Росстат, средства размещения по субъектам (S21)"
Алтайский край,субъект,2020,12886,494604,Сибирский федеральный округ,38.4,1.044,1.318,2020-01-01,"Росстат, средства размещения по субъектам (S21)"
Алтайский край,субъект,2021,13264,709181,Сибирский федеральный округ,53.5,1.066,1.292,2021-01-01,"Росстат, средства размещения по субъектам (S21)"
Алтайский край,субъект,2022,13353,817026,Сибирский федеральный округ,61.2,1.118,1.261,2022-01-01,"Росстат, средства размещения по субъектам (S21)"
Алтайский край,субъект,2023,14083,938891,Сибирский федеральный округ,66.7,1.123,1.26,2023-01-01,"Росстат, средства размещения по субъектам (S21)"
Алтайский край,субъект,2024,14646,931795,Сибирский федеральный округ,63.6,1.035,1.272,2024-01-01,"Росстат, средства размещения по субъектам (S21)"
Алтайский край,субъект,2025,15742,905073,Сибирский федеральный округ,57.5,0.983,1.267,2025-01-01,"Росстат, средства размещения по субъектам (S21)"
Красноярский край,субъект,2015,11149,644170,Сибирский федеральный округ,57.8,1.307,1.447,2015-01-01,"Росстат, средства размещения по субъектам (S21)"
Красноярский край,субъект,2016,10095,672620,Сибирский федеральный округ,66.6,1.236,1.27,2016-01-01,"Росстат, средства размещения по субъектам (S21)"
Красноярский край,субъект,2017,11457,644818,Сибирский федеральный округ,56.3,1.047,1.296,2017-01-01,"Росстат, средства размещения по субъектам (S21)"
Красноярский край,субъект,2018,13047,771444,Сибирский федеральный округ,59.1,1.078,1.337,2018-01-01,"Росстат, средства размещения по субъектам (S21)"
Красноярский край,субъект,2019,13081,861541,Сибирский федеральный округ,65.9,1.133,1.318,2019-01-01,"Росстат, средства размещения по субъектам (S21)"
Красноярский край,субъект,2020,13098,537990,Сибирский федеральный округ,41.1,1.135,1.34,2020-01-01,"Росстат, средства размещения по субъектам (S21)"
Красноярский край,субъект,2021,13763,897878,Сибирский федеральный округ,65.2,1.349,1.34,2021-01-01,"Росстат, средства размещения по субъектам (S21)"
Красноярский край,субъект,2022,13595,1079508,Сибирский федеральный округ,79.4,1.477,1.284,2022-01-01,"Росстат, средства размещения по субъектам (S21)"
Красноярский край,субъект,2023,13656,1131765,Сибирский федеральный округ,82.9,1.354,1.222,2023-01-01,"Росстат, средства размещения по субъектам (S21)"
Красноярский край,субъект,2024,14463,1266080,Сибирский федеральный округ,87.5,1.406,1.256,2024-01-01,"Росстат, средства размещения по субъектам (S21)"
Красноярский край,субъект,2025,19300,1402617,Сибирский федеральный округ,72.7,1.524,1.554,2025-01-01,"Росстат, средства размещения по субъектам (S21)"
Иркутская область,субъект,2015,11337,973473,Сибирский федеральный округ,85.9,1.975,1.472,2015-01-01,"Росстат, средства размещения по субъектам (S21)"
Иркутская область,субъект,2016,8844,724964,Сибирский федеральный округ,82.0,1.332,1.113,2016-01-01,"Росстат, средства размещения по субъектам (S21)"
Иркутская область,субъект,2017,10141,817117,Сибирский федеральный округ,80.6,1.327,1.147,2017-01-01,"Росстат, средства размещения по субъектам (S21)"
Иркутская область,субъект,2018,11101,933430,Сибирский федеральный округ,84.1,1.305,1.138,2018-01-01,"Росстат, средства размещения по субъектам (S21)"
Иркутская область,субъект,2019,11854,1009399,Сибирский федеральный округ,85.2,1.327,1.194,2019-01-01,"Росстат, средства размещения по субъектам (S21)"
Иркутская область,субъект,2020,11774,609626,Сибирский федеральный округ,51.8,1.287,1.205,2020-01-01,"Росстат, средства размещения по субъектам (S21)"
Иркутская область,субъект,2021,13792,878386,Сибирский федеральный округ,63.7,1.32,1.343,2021-01-01,"Росстат, средства размещения по субъектам (S21)"
Иркутская область,субъект,2022,13885,923719,Сибирский федеральный округ,66.5,1.264,1.312,2022-01-01,"Росстат, средства размещения по субъектам (S21)"
Иркутская область,субъект,2023,13730,1103645,Сибирский федеральный округ,80.4,1.32,1.229,2023-01-01,"Росстат, средства размещения по субъектам (S21)"
Иркутская область,субъект,2024,14884,1287549,Сибирский федеральный округ,86.5,1.43,1.292,2024-01-01,"Росстат, средства размещения по субъектам (S21)"
Иркутская область,субъект,2025,16008,1325689,Сибирский федеральный округ,82.8,1.44,1.289,2025-01-01,"Росстат, средства размещения по субъектам (S21)"
Кемеровская область - Кузбасс,субъект,2015,8731,486422,Сибирский федеральный округ,55.7,0.987,1.133,2015-01-01,"Росстат, средства размещения по субъектам (S21)"
Кемеровская область - Кузбасс,субъект,2016,7214,439674,Сибирский федеральный округ,60.9,0.808,0.908,2016-01-01,"Росстат, средства размещения по субъектам (S21)"
Кемеровская область - Кузбасс,субъект,2017,8233,554050,Сибирский федеральный округ,67.3,0.9,0.931,2017-01-01,"Росстат, средства размещения по субъектам (S21)"
Кемеровская область - Кузбасс,субъект,2018,8553,586179,Сибирский федеральный округ,68.5,0.819,0.877,2018-01-01,"Росстат, средства размещения по субъектам (S21)"
Кемеровская область - Кузбасс,субъект,2019,8272,586681,Сибирский федеральный округ,70.9,0.772,0.833,2019-01-01,"Росстат, средства размещения по субъектам (S21)"
Кемеровская область - Кузбасс,субъект,2020,8213,387295,Сибирский федеральный округ,47.2,0.817,0.84,2020-01-01,"Росстат, средства размещения по субъектам (S21)"
Кемеровская область - Кузбасс,субъект,2021,8241,682983,Сибирский федеральный округ,82.9,1.026,0.802,2021-01-01,"Росстат, средства размещения по субъектам (S21)"
Кемеровская область - Кузбасс,субъект,2022,8660,671363,Сибирский федеральный округ,77.5,0.919,0.818,2022-01-01,"Росстат, средства размещения по субъектам (S21)"
Кемеровская область - Кузбасс,субъект,2023,8877,785123,Сибирский федеральный округ,88.4,0.939,0.794,2023-01-01,"Росстат, средства размещения по субъектам (S21)"
Кемеровская область - Кузбасс,субъект,2024,9308,774104,Сибирский федеральный округ,83.2,0.859,0.808,2024-01-01,"Росстат, средства размещения по субъектам (S21)"
Кемеровская область - Кузбасс,субъект,2025,9939,693541,Сибирский федеральный округ,69.8,0.753,0.8,2025-01-01,"Росстат, средства размещения по субъектам (S21)"
Новосибирская область,субъект,2015,7857,559605,Сибирский федеральный округ,71.2,1.135,1.02,2015-01-01,"Росстат, средства размещения по субъектам (S21)"
Новосибирская область,субъект,2016,10111,783537,Сибирский федеральный округ,77.5,1.44,1.272,2016-01-01,"Росстат, средства размещения по субъектам (S21)"
Новосибирская область,субъект,2017,12510,876663,Сибирский федеральный округ,70.1,1.424,1.415,2017-01-01,"Росстат, средства размещения по субъектам (S21)"
Новосибирская область,субъект,2018,12573,1059702,Сибирский федеральный округ,84.3,1.481,1.289,2018-01-01,"Росстат, средства размещения по субъектам (S21)"
Новосибирская область,субъект,2019,12669,1115033,Сибирский федеральный округ,88.0,1.466,1.276,2019-01-01,"Росстат, средства размещения по субъектам (S21)"
Новосибирская область,субъект,2020,12817,789439,Сибирский федеральный округ,61.6,1.666,1.311,2020-01-01,"Росстат, средства размещения по субъектам (S21)"
Новосибирская область,субъект,2021,13605,1078435,Сибирский федеральный округ,79.3,1.621,1.325,2021-01-01,"Росстат, средства размещения по субъектам (S21)"
Новосибирская область,субъект,2022,13716,1301338,Сибирский федеральный округ,94.9,1.78,1.296,2022-01-01,"Росстат, средства размещения по субъектам (S21)"
Новосибирская область,субъект,2023,13382,1318422,Сибирский федеральный округ,98.5,1.577,1.198,2023-01-01,"Росстат, средства размещения по субъектам (S21)"
Новосибирская область,субъект,2024,14123,1539440,Сибирский федеральный округ,109.0,1.709,1.226,2024-01-01,"Росстат, средства размещения по субъектам (S21)"
Новосибирская область,субъект,2025,15730,1497709,Сибирский федеральный округ,95.2,1.627,1.266,2025-01-01,"Росстат, средства размещения по субъектам (S21)"
Омская область,субъект,2015,6037,489198,Сибирский федеральный округ,81.0,0.993,0.784,2015-01-01,"Росстат, средства размещения по субъектам (S21)"
Омская область,субъект,2016,5347,354898,Сибирский федеральный округ,66.4,0.652,0.673,2016-01-01,"Росстат, средства размещения по субъектам (S21)"
Омская область,субъект,2017,6073,511139,Сибирский федеральный округ,84.2,0.83,0.687,2017-01-01,"Росстат, средства размещения по субъектам (S21)"
Омская область,субъект,2018,6553,543555,Сибирский федеральный округ,82.9,0.76,0.672,2018-01-01,"Росстат, средства размещения по субъектам (S21)"
Омская область,субъект,2019,6273,502264,Сибирский федеральный округ,80.1,0.661,0.632,2019-01-01,"Росстат, средства размещения по субъектам (S21)"
Омская область,субъект,2020,7053,332043,Сибирский федеральный округ,47.1,0.701,0.722,2020-01-01,"Росстат, средства размещения по субъектам (S21)"
Омская область,субъект,2021,7063,454407,Сибирский федеральный округ,64.3,0.683,0.688,2021-01-01,"Росстат, средства размещения по субъектам (S21)"
Омская область,субъект,2022,7677,521264,Сибирский федеральный округ,67.9,0.713,0.725,2022-01-01,"Росстат, средства размещения по субъектам (S21)"
Омская область,субъект,2023,8572,687847,Сибирский федеральный округ,80.2,0.823,0.767,2023-01-01,"Росстат, средства размещения по субъектам (S21)"
Омская область,субъект,2024,8405,902431,Сибирский федеральный округ,107.4,1.002,0.73,2024-01-01,"Росстат, средства размещения по субъектам (S21)"
Омская область,субъект,2025,8402,913353,Сибирский федеральный округ,108.7,0.992,0.676,2025-01-01,"Росстат, средства размещения по субъектам (S21)"
Томская область,субъект,2015,2055,109751,Сибирский федеральный округ,53.4,0.223,0.267,2015-01-01,"Росстат, средства размещения по субъектам (S21)"
Томская область,субъект,2016,3368,218018,Сибирский федеральный округ,64.7,0.401,0.424,2016-01-01,"Росстат, средства размещения по субъектам (S21)"
Томская область,субъект,2017,3375,218279,Сибирский федеральный округ,64.7,0.355,0.382,2017-01-01,"Росстат, средства размещения по субъектам (S21)"
Томская область,субъект,2018,4004,243266,Сибирский федеральный округ,60.8,0.34,0.41,2018-01-01,"Росстат, средства размещения по субъектам (S21)"
Томская область,субъект,2019,4243,227376,Сибирский федеральный округ,53.6,0.299,0.427,2019-01-01,"Росстат, средства размещения по субъектам (S21)"
Томская область,субъект,2020,3881,123687,Сибирский федеральный округ,31.9,0.261,0.397,2020-01-01,"Росстат, средства размещения по субъектам (S21)"
Томская область,субъект,2021,4015,203265,Сибирский федеральный округ,50.6,0.305,0.391,2021-01-01,"Росстат, средства размещения по субъектам (S21)"
Томская область,субъект,2022,3971,216052,Сибирский федеральный округ,54.4,0.296,0.375,2022-01-01,"Росстат, средства размещения по субъектам (S21)"
Томская область,субъект,2023,4194,270453,Сибирский федеральный округ,64.5,0.324,0.375,2023-01-01,"Росстат, средства размещения по субъектам (S21)"
Томская область,субъект,2024,4373,287410,Сибирский федеральный округ,65.7,0.319,0.38,2024-01-01,"Росстат, средства размещения по субъектам (S21)"
Томская область,субъект,2025,4678,289543,Сибирский федеральный округ,61.9,0.315,0.377,2025-01-01,"Росстат, средства размещения по субъектам (S21)"
Дальневосточный федеральный округ,федеральный округ,2015,40357,2814839,Дальневосточный федеральный округ,69.7,5.711,5.239,2015-01-01,"Росстат, средства размещения по субъектам (S21)"
Дальневосточный федеральный округ,федеральный округ,2016,44896,2937948,Дальневосточный федеральный округ,65.4,5.398,5.649,2016-01-01,"Росстат, средства размещения по субъектам (S21)"
Дальневосточный федеральный округ,федеральный округ,2017,47195,3319592,Дальневосточный федеральный округ,70.3,5.392,5.337,2017-01-01,"Росстат, средства размещения по субъектам (S21)"
Дальневосточный федеральный округ,федеральный округ,2018,47706,3336701,Дальневосточный федеральный округ,69.9,4.664,4.89,2018-01-01,"Росстат, средства размещения по субъектам (S21)"
Дальневосточный федеральный округ,федеральный округ,2019,50958,3754476,Дальневосточный федеральный округ,73.7,4.937,5.134,2019-01-01,"Росстат, средства размещения по субъектам (S21)"
Дальневосточный федеральный округ,федеральный округ,2020,51991,2332665,Дальневосточный федеральный округ,44.9,4.923,5.319,2020-01-01,"Росстат, средства размещения по субъектам (S21)"
Дальневосточный федеральный округ,федеральный округ,2021,55051,3218250,Дальневосточный федеральный округ,58.5,4.837,5.36,2021-01-01,"Росстат, средства размещения по субъектам (S21)"
Дальневосточный федеральный округ,федеральный округ,2022,54172,3533251,Дальневосточный федеральный округ,65.2,4.834,5.117,2022-01-01,"Росстат, средства размещения по субъектам (S21)"
Дальневосточный федеральный округ,федеральный округ,2023,60283,4116973,Дальневосточный федеральный округ,68.3,4.926,5.395,2023-01-01,"Росстат, средства размещения по субъектам (S21)"
Дальневосточный федеральный округ,федеральный округ,2024,64488,4815419,Дальневосточный федеральный округ,74.7,5.346,5.599,2024-01-01,"Росстат, средства размещения по субъектам (S21)"
Дальневосточный федеральный округ,федеральный округ,2025,70199,4956252,Дальневосточный федеральный округ,70.6,5.385,5.652,2025-01-01,"Росстат, средства размещения по субъектам (S21)"
Республика Бурятия,субъект,2015,5533,325315,Дальневосточный федеральный округ,58.8,0.66,0.718,2015-01-01,"Росстат, средства размещения по субъектам (S21)"
Республика Бурятия,субъект,2016,5613,334488,Дальневосточный федеральный округ,59.6,0.615,0.706,2016-01-01,"Росстат, средства размещения по субъектам (S21)"
Республика Бурятия,субъект,2017,6666,389890,Дальневосточный федеральный округ,58.5,0.633,0.754,2017-01-01,"Росстат, средства размещения по субъектам (S21)"
Республика Бурятия,субъект,2018,6493,371259,Дальневосточный федеральный округ,57.2,0.519,0.666,2018-01-01,"Росстат, средства размещения по субъектам (S21)"
Республика Бурятия,субъект,2019,6729,407391,Дальневосточный федеральный округ,60.5,0.536,0.678,2019-01-01,"Росстат, средства размещения по субъектам (S21)"
Республика Бурятия,субъект,2020,6564,278236,Дальневосточный федеральный округ,42.4,0.587,0.672,2020-01-01,"Росстат, средства размещения по субъектам (S21)"
Республика Бурятия,субъект,2021,7906,412258,Дальневосточный федеральный округ,52.1,0.62,0.77,2021-01-01,"Росстат, средства размещения по субъектам (S21)"
Республика Бурятия,субъект,2022,8156,490498,Дальневосточный федеральный округ,60.1,0.671,0.77,2022-01-01,"Росстат, средства размещения по субъектам (S21)"
Республика Бурятия,субъект,2023,8478,563502,Дальневосточный федеральный округ,66.5,0.674,0.759,2023-01-01,"Росстат, средства размещения по субъектам (S21)"
Республика Бурятия,субъект,2024,9154,689263,Дальневосточный федеральный округ,75.3,0.765,0.795,2024-01-01,"Росстат, средства размещения по субъектам (S21)"
Республика Бурятия,субъект,2025,9325,666812,Дальневосточный федеральный округ,71.5,0.724,0.751,2025-01-01,"Росстат, средства размещения по субъектам (S21)"
Республика Саха (Якутия),субъект,2015,2679,190770,Дальневосточный федеральный округ,71.2,0.387,0.348,2015-01-01,"Росстат, средства размещения по субъектам (S21)"
Республика Саха (Якутия),субъект,2016,2280,178440,Дальневосточный федеральный округ,78.3,0.328,0.287,2016-01-01,"Росстат, средства размещения по субъектам (S21)"
Республика Саха (Якутия),субъект,2017,2284,190812,Дальневосточный федеральный округ,83.5,0.31,0.258,2017-01-01,"Росстат, средства размещения по субъектам (S21)"
Республика Саха (Якутия),субъект,2018,2392,196651,Дальневосточный федеральный округ,82.2,0.275,0.245,2018-01-01,"Росстат, средства размещения по субъектам (S21)"
Республика Саха (Якутия),субъект,2019,2632,201496,Дальневосточный федеральный округ,76.6,0.265,0.265,2019-01-01,"Росстат, средства размещения по субъектам (S21)"
Республика Саха (Якутия),субъект,2020,2820,114510,Дальневосточный федеральный округ,40.6,0.242,0.289,2020-01-01,"Росстат, средства размещения по субъектам (S21)"
Республика Саха (Якутия),субъект,2021,2680,190504,Дальневосточный федеральный округ,71.1,0.286,0.261,2021-01-01,"Росстат, средства размещения по субъектам (S21)"
Республика Саха (Якутия),субъект,2022,2949,212456,Дальневосточный федеральный округ,72.0,0.291,0.279,2022-01-01,"Росстат, средства размещения по субъектам (S21)"
Республика Саха (Якутия),субъект,2023,2619,235423,Дальневосточный федеральный округ,89.9,0.282,0.234,2023-01-01,"Росстат, средства размещения по субъектам (S21)"
Республика Саха (Якутия),субъект,2024,2882,264871,Дальневосточный федеральный округ,91.9,0.294,0.25,2024-01-01,"Росстат, средства размещения по субъектам (S21)"
Республика Саха (Якутия),субъект,2025,3411,284016,Дальневосточный федеральный округ,83.3,0.309,0.275,2025-01-01,"Росстат, средства размещения по субъектам (S21)"
Забайкальский край,субъект,2015,3664,205110,Дальневосточный федеральный округ,56.0,0.416,0.476,2015-01-01,"Росстат, средства размещения по субъектам (S21)"
Забайкальский край,субъект,2016,3276,201119,Дальневосточный федеральный округ,61.4,0.369,0.412,2016-01-01,"Росстат, средства размещения по субъектам (S21)"
Забайкальский край,субъект,2017,3242,209085,Дальневосточный федеральный округ,64.5,0.34,0.367,2017-01-01,"Росстат, средства размещения по субъектам (S21)"
Забайкальский край,субъект,2018,3283,222108,Дальневосточный федеральный округ,67.7,0.31,0.336,2018-01-01,"Росстат, средства размещения по субъектам (S21)"
Забайкальский край,субъект,2019,3851,258081,Дальневосточный федеральный округ,67.0,0.339,0.388,2019-01-01,"Росстат, средства размещения по субъектам (S21)"
Забайкальский край,субъект,2020,3752,201730,Дальневосточный федеральный округ,53.8,0.426,0.384,2020-01-01,"Росстат, средства размещения по субъектам (S21)"
Забайкальский край,субъект,2021,4255,277364,Дальневосточный федеральный округ,65.2,0.417,0.414,2021-01-01,"Росстат, средства размещения по субъектам (S21)"
Забайкальский край,субъект,2022,4187,318230,Дальневосточный федеральный округ,76.0,0.435,0.395,2022-01-01,"Росстат, средства размещения по субъектам (S21)"
Забайкальский край,субъект,2023,4626,381877,Дальневосточный федеральный округ,82.6,0.457,0.414,2023-01-01,"Росстат, средства размещения по субъектам (S21)"
Забайкальский край,субъект,2024,5201,468483,Дальневосточный федеральный округ,90.1,0.52,0.452,2024-01-01,"Росстат, средства размещения по субъектам (S21)"
Забайкальский край,субъект,2025,5728,465165,Дальневосточный федеральный округ,81.2,0.505,0.461,2025-01-01,"Росстат, средства размещения по субъектам (S21)"
Камчатский край,субъект,2015,1439,132759,Дальневосточный федеральный округ,92.3,0.269,0.187,2015-01-01,"Росстат, средства размещения по субъектам (S21)"
Камчатский край,субъект,2016,1825,118320,Дальневосточный федеральный округ,64.8,0.217,0.23,2016-01-01,"Росстат, средства размещения по субъектам (S21)"
Камчатский край,субъект,2017,2069,148212,Дальневосточный федеральный округ,71.6,0.241,0.234,2017-01-01,"Росстат, средства размещения по субъектам (S21)"
Камчатский край,субъект,2018,2095,161483,Дальневосточный федеральный округ,77.1,0.226,0.215,2018-01-01,"Росстат, средства размещения по субъектам (S21)"
Камчатский край,субъект,2019,2098,165430,Дальневосточный федеральный округ,78.9,0.218,0.211,2019-01-01,"Росстат, средства размещения по субъектам (S21)"
Камчатский край,субъект,2020,1868,116850,Дальневосточный федеральный округ,62.6,0.247,0.191,2020-01-01,"Росстат, средства размещения по субъектам (S21)"
Камчатский край,субъект,2021,2018,143570,Дальневосточный федеральный округ,71.1,0.216,0.196,2021-01-01,"Росстат, средства размещения по субъектам (S21)"
Камчатский край,субъект,2022,2177,180427,Дальневосточный федеральный округ,82.9,0.247,0.206,2022-01-01,"Росстат, средства размещения по субъектам (S21)"
Камчатский край,субъект,2023,2313,227911,Дальневосточный федеральный округ,98.5,0.273,0.207,2023-01-01,"Росстат, средства размещения по субъектам (S21)"
Камчатский край,субъект,2024,2583,291248,Дальневосточный федеральный округ,112.8,0.323,0.224,2024-01-01,"Росстат, средства размещения по субъектам (S21)"
Камчатский край,субъект,2025,3078,322056,Дальневосточный федеральный округ,104.6,0.35,0.248,2025-01-01,"Росстат, средства размещения по субъектам (S21)"
Приморский край,субъект,2015,14821,958994,Дальневосточный федеральный округ,64.7,1.946,1.924,2015-01-01,"Росстат, средства размещения по субъектам (S21)"
Приморский край,субъект,2016,16582,895328,Дальневосточный федеральный округ,54.0,1.645,2.086,2016-01-01,"Росстат, средства размещения по субъектам (S21)"
Приморский край,субъект,2017,17030,1063758,Дальневосточный федеральный округ,62.5,1.728,1.926,2017-01-01,"Росстат, средства размещения по субъектам (S21)"
Приморский край,субъект,2018,17563,1108478,Дальневосточный федеральный округ,63.1,1.549,1.8,2018-01-01,"Росстат, средства размещения по субъектам (S21)"
Приморский край,субъект,2019,18575,1328160,Дальневосточный федеральный округ,71.5,1.747,1.871,2019-01-01,"Росстат, средства размещения по субъектам (S21)"
Приморский край,субъект,2020,20402,631882,Дальневосточный федеральный округ,31.0,1.334,2.087,2020-01-01,"Росстат, средства размещения по субъектам (S21)"
Приморский край,субъект,2021,21571,1018326,Дальневосточный федеральный округ,47.2,1.53,2.1,2021-01-01,"Росстат, средства размещения по субъектам (S21)"
Приморский край,субъект,2022,20326,1117152,Дальневосточный федеральный округ,55.0,1.528,1.92,2022-01-01,"Росстат, средства размещения по субъектам (S21)"
Приморский край,субъект,2023,25302,1231223,Дальневосточный федеральный округ,48.7,1.473,2.264,2023-01-01,"Росстат, средства размещения по субъектам (S21)"
Приморский край,субъект,2024,27089,1396747,Дальневосточный федеральный округ,51.6,1.551,2.352,2024-01-01,"Росстат, средства размещения по субъектам (S21)"
Приморский край,субъект,2025,28939,1412603,Дальневосточный федеральный округ,48.8,1.535,2.33,2025-01-01,"Росстат, средства размещения по субъектам (S21)"
Хабаровский край,субъект,2015,5419,490071,Дальневосточный федеральный округ,90.4,0.994,0.703,2015-01-01,"Росстат, средства размещения по субъектам (S21)"
Хабаровский край,субъект,2016,8090,584033,Дальневосточный федеральный округ,72.2,1.073,1.018,2016-01-01,"Росстат, средства размещения по субъектам (S21)"
Хабаровский край,субъект,2017,7695,584857,Дальневосточный федеральный округ,76.0,0.95,0.87,2017-01-01,"Росстат, средства размещения по субъектам (S21)"
Хабаровский край,субъект,2018,7319,596815,Дальневосточный федеральный округ,81.5,0.834,0.75,2018-01-01,"Росстат, средства размещения по субъектам (S21)"
Хабаровский край,субъект,2019,8295,645993,Дальневосточный федеральный округ,77.9,0.85,0.836,2019-01-01,"Росстат, средства размещения по субъектам (S21)"
Хабаровский край,субъект,2020,7735,432474,Дальневосточный федеральный округ,55.9,0.913,0.791,2020-01-01,"Росстат, средства размещения по субъектам (S21)"
Хабаровский край,субъект,2021,7661,509280,Дальневосточный федеральный округ,66.5,0.765,0.746,2021-01-01,"Росстат, средства размещения по субъектам (S21)"
Хабаровский край,субъект,2022,7349,536130,Дальневосточный федеральный округ,73.0,0.733,0.694,2022-01-01,"Росстат, средства размещения по субъектам (S21)"
Хабаровский край,субъект,2023,7434,698958,Дальневосточный федеральный округ,94.0,0.836,0.665,2023-01-01,"Росстат, средства размещения по субъектам (S21)"
Хабаровский край,субъект,2024,7775,735983,Дальневосточный федеральный округ,94.7,0.817,0.675,2024-01-01,"Росстат, средства размещения по субъектам (S21)"
Хабаровский край,субъект,2025,8389,745844,Дальневосточный федеральный округ,88.9,0.81,0.675,2025-01-01,"Росстат, средства размещения по субъектам (S21)"
Амурская область,субъект,2015,3156,239916,Дальневосточный федеральный округ,76.0,0.487,0.41,2015-01-01,"Росстат, средства размещения по субъектам (S21)"
Амурская область,субъект,2016,3398,319561,Дальневосточный федеральный округ,94.0,0.587,0.428,2016-01-01,"Росстат, средства размещения по субъектам (S21)"
Амурская область,субъект,2017,3771,358268,Дальневосточный федеральный округ,95.0,0.582,0.426,2017-01-01,"Росстат, средства размещения по субъектам (S21)"
Амурская область,субъект,2018,3929,347075,Дальневосточный федеральный округ,88.3,0.485,0.403,2018-01-01,"Росстат, средства размещения по субъектам (S21)"
Амурская область,субъект,2019,3869,364072,Дальневосточный федеральный округ,94.1,0.479,0.39,2019-01-01,"Росстат, средства размещения по субъектам (S21)"
Амурская область,субъект,2020,4099,257366,Дальневосточный федеральный округ,62.8,0.543,0.419,2020-01-01,"Росстат, средства размещения по субъектам (S21)"
Амурская область,субъект,2021,4193,300914,Дальневосточный федеральный округ,71.8,0.452,0.408,2021-01-01,"Росстат, средства размещения по субъектам (S21)"
Амурская область,субъект,2022,4266,319483,Дальневосточный федеральный округ,74.9,0.437,0.403,2022-01-01,"Росстат, средства размещения по субъектам (S21)"
Амурская область,субъект,2023,4481,354037,Дальневосточный федеральный округ,79.0,0.424,0.401,2023-01-01,"Росстат, средства размещения по субъектам (S21)"
Амурская область,субъект,2024,4490,508275,Дальневосточный федеральный округ,113.2,0.564,0.39,2024-01-01,"Росстат, средства размещения по субъектам (S21)"
Амурская область,субъект,2025,5128,509196,Дальневосточный федеральный округ,99.3,0.553,0.413,2025-01-01,"Росстат, средства размещения по субъектам (S21)"
Магаданская область,субъект,2015,901,64949,Дальневосточный федеральный округ,72.1,0.132,0.117,2015-01-01,"Росстат, средства размещения по субъектам (S21)"
Магаданская область,субъект,2016,885,72770,Дальневосточный федеральный округ,82.2,0.134,0.111,2016-01-01,"Росстат, средства размещения по субъектам (S21)"
Магаданская область,субъект,2017,958,65745,Дальневосточный федеральный округ,68.6,0.107,0.108,2017-01-01,"Росстат, средства размещения по субъектам (S21)"
Магаданская область,субъект,2018,928,59434,Дальневосточный федеральный округ,64.0,0.083,0.095,2018-01-01,"Росстат, средства размещения по субъектам (S21)"
Магаданская область,субъект,2019,951,70033,Дальневосточный федеральный округ,73.6,0.092,0.096,2019-01-01,"Росстат, средства размещения по субъектам (S21)"
Магаданская область,субъект,2020,787,62562,Дальневосточный федеральный округ,79.5,0.132,0.081,2020-01-01,"Росстат, средства размещения по субъектам (S21)"
Магаданская область,субъект,2021,838,87023,Дальневосточный федеральный округ,103.8,0.131,0.082,2021-01-01,"Росстат, средства размещения по субъектам (S21)"
Магаданская область,субъект,2022,836,74958,Дальневосточный федеральный округ,89.7,0.103,0.079,2022-01-01,"Росстат, средства размещения по субъектам (S21)"
Магаданская область,субъект,2023,838,124722,Дальневосточный федеральный округ,148.8,0.149,0.075,2023-01-01,"Росстат, средства размещения по субъектам (S21)"
Магаданская область,субъект,2024,897,127826,Дальневосточный федеральный округ,142.5,0.142,0.078,2024-01-01,"Росстат, средства размещения по субъектам (S21)"
Магаданская область,субъект,2025,1027,140494,Дальневосточный федеральный округ,136.8,0.153,0.083,2025-01-01,"Росстат, средства размещения по субъектам (S21)"
Сахалинская область,субъект,2015,1895,166321,Дальневосточный федеральный округ,87.8,0.337,0.246,2015-01-01,"Росстат, средства размещения по субъектам (S21)"
Сахалинская область,субъект,2016,2109,188901,Дальневосточный федеральный округ,89.6,0.347,0.265,2016-01-01,"Росстат, средства размещения по субъектам (S21)"
Сахалинская область,субъект,2017,2548,261179,Дальневосточный федеральный округ,102.5,0.424,0.288,2017-01-01,"Росстат, средства размещения по субъектам (S21)"
Сахалинская область,субъект,2018,2559,217636,Дальневосточный федеральный округ,85.0,0.304,0.262,2018-01-01,"Росстат, средства размещения по субъектам (S21)"
Сахалинская область,субъект,2019,2775,247892,Дальневосточный федеральный округ,89.3,0.326,0.28,2019-01-01,"Росстат, средства размещения по субъектам (S21)"
Сахалинская область,субъект,2020,2787,194811,Дальневосточный федеральный округ,69.9,0.411,0.285,2020-01-01,"Росстат, средства размещения по субъектам (S21)"
Сахалинская область,субъект,2021,2840,211548,Дальневосточный федеральный округ,74.5,0.318,0.277,2021-01-01,"Росстат, средства размещения по субъектам (S21)"
Сахалинская область,субъект,2022,2855,224769,Дальневосточный федеральный округ,78.7,0.308,0.27,2022-01-01,"Росстат, средства размещения по субъектам (S21)"
Сахалинская область,субъект,2023,3100,245124,Дальневосточный федеральный округ,79.1,0.293,0.277,2023-01-01,"Росстат, средства размещения по субъектам (S21)"
Сахалинская область,субъект,2024,3341,272336,Дальневосточный федеральный округ,81.5,0.302,0.29,2024-01-01,"Росстат, средства размещения по субъектам (S21)"
Сахалинская область,субъект,2025,4013,344380,Дальневосточный федеральный округ,85.8,0.374,0.323,2025-01-01,"Росстат, средства размещения по субъектам (S21)"
Еврейская автономная область,субъект,2015,682,31002,Дальневосточный федеральный округ,45.5,0.063,0.089,2015-01-01,"Росстат, средства размещения по субъектам (S21)"
Еврейская автономная область,субъект,2016,618,32050,Дальневосточный федеральный округ,51.9,0.059,0.078,2016-01-01,"Росстат, средства размещения по субъектам (S21)"
Еврейская автономная область,субъект,2017,667,29864,Дальневосточный федеральный округ,44.8,0.049,0.075,2017-01-01,"Росстат, средства размещения по субъектам (S21)"
Еврейская автономная область,субъект,2018,846,40995,Дальневосточный федеральный округ,48.5,0.057,0.087,2018-01-01,"Росстат, средства размещения по субъектам (S21)"
Еврейская автономная область,субъект,2019,827,38090,Дальневосточный федеральный округ,46.1,0.05,0.083,2019-01-01,"Росстат, средства размещения по субъектам (S21)"
Еврейская автономная область,субъект,2020,838,26532,Дальневосточный федеральный округ,31.7,0.056,0.086,2020-01-01,"Росстат, средства размещения по субъектам (S21)"
Еврейская автономная область,субъект,2021,769,36235,Дальневосточный федеральный округ,47.1,0.054,0.075,2021-01-01,"Росстат, средства размещения по субъектам (S21)"
Еврейская автономная область,субъект,2022,769,37365,Дальневосточный федеральный округ,48.6,0.051,0.073,2022-01-01,"Росстат, средства размещения по субъектам (S21)"
Еврейская автономная область,субъект,2023,818,45296,Дальневосточный федеральный округ,55.4,0.054,0.073,2023-01-01,"Росстат, средства размещения по субъектам (S21)"
Еврейская автономная область,субъект,2024,794,50022,Дальневосточный федеральный округ,63.0,0.056,0.069,2024-01-01,"Росстат, средства размещения по субъектам (S21)"
Еврейская автономная область,субъект,2025,837,52518,Дальневосточный федеральный округ,62.7,0.057,0.067,2025-01-01,"Росстат, средства размещения по субъектам (S21)"
Чукотский автономный округ,субъект,2015,168,9632,Дальневосточный федеральный округ,57.3,0.02,0.022,2015-01-01,"Росстат, средства размещения по субъектам (S21)"
Чукотский автономный округ,субъект,2016,220,12938,Дальневосточный федеральный округ,58.8,0.024,0.028,2016-01-01,"Росстат, средства размещения по субъектам (S21)"
Чукотский автономный округ,субъект,2017,265,17922,Дальневосточный федеральный округ,67.6,0.029,0.03,2017-01-01,"Росстат, средства размещения по субъектам (S21)"
Чукотский автономный округ,субъект,2018,299,14767,Дальневосточный федеральный округ,49.4,0.021,0.031,2018-01-01,"Росстат, средства размещения по субъектам (S21)"
Чукотский автономный округ,субъект,2019,356,27838,Дальневосточный федеральный округ,78.2,0.037,0.036,2019-01-01,"Росстат, средства размещения по субъектам (S21)"
Чукотский автономный округ,субъект,2020,339,15712,Дальневосточный федеральный округ,46.3,0.033,0.035,2020-01-01,"Росстат, средства размещения по субъектам (S21)"
Чукотский автономный округ,субъект,2021,320,31228,Дальневосточный федеральный округ,97.6,0.047,0.031,2021-01-01,"Росстат, средства размещения по субъектам (S21)"
Чукотский автономный округ,субъект,2022,302,21783,Дальневосточный федеральный округ,72.1,0.03,0.029,2022-01-01,"Росстат, средства размещения по субъектам (S21)"
Чукотский автономный округ,субъект,2023,274,8900,Дальневосточный федеральный округ,32.5,0.011,0.025,2023-01-01,"Росстат, средства размещения по субъектам (S21)"
Чукотский автономный округ,субъект,2024,282,10365,Дальневосточный федеральный округ,36.8,0.012,0.024,2024-01-01,"Росстат, средства размещения по субъектам (S21)"
Чукотский автономный округ,субъект,2025,324,13168,Дальневосточный федеральный округ,40.6,0.014,0.026,2025-01-01,"Росстат, средства размещения по субъектам (S21)"
